,strain
0,Green Crack
1,Blue Dream
2,Sour Diesel
3,Gorilla Glue #4
4,Hindu Kush
5,Gorilla Glue
6,Skywalker OG
7,Girl Scout Cookies
8,Northern Lights
9,Jack Herer
10,Wedding Cake
11,Durban Poison
12,Pineapple Express
13,OG Kush
14,Granddaddy Purple
15,Gelato
16,White Widow
17,Forbidden Fruit
18,GMO Cookies
19,Fruity Pebbles
20,NYC Diesel
21,Trump OG
22,Skywalker
23,Stardawg
24,Tahoe OG
25,Blueberry
26,AK-47
27,Do-Si-Dos
28,Jager
29,Lemon Haze
30,Chemdawg
31,Afghan Kush
32,Amnesia Haze
33,Cherry Pie
34,Acapulco Gold
35,Grape Ape
36,Blue Cheese
37,Lamb's Bread
38,Orange Bud
39,Purple Kush
40,Death Bubba
41,Purple Punch
42,Trainwreck
43,Runtz
44,Strawberry Cough
45,Zkittlez
46,Alaskan Thunderfuck
47,Banana Kush
48,9 Pound Hammer
49,Mimosa
50,Apple Fritter
51,Berry White
52,LSD
53,Blue Cookies
54,Ghost Train Haze
55,Candyland
56,King Louis XIII
57,Alien OG
58,Sunset Sherbet
59,Kosher Kush
60,Super Silver Haze
61,Purple Haze
62,Strawberry Banana
63,Black Diamond
64,Lemon Skunk
65,Maui Waui
66,Moby Dick
67,Bruce Banner
68,Fire OG Kush
69,Sensi Star
70,Death Star
71,Ghost OG
72,Super Lemon Haze
73,LA Confidential
74,Mango Kush
75,Thin Mint Cookies
76,Golden Goat
77,Timewarp
78,Pink Kush
79,Chernobyl
80,Ice Cream Cake
81,ACDC
82,Bubba Kush
83,Critical Kush
84,Blueberry Kush
85,Purple Urkle
86,Headband
87,White Fire OG
88,Blackberry Kush
89,Grease Monkey
90,Peanut Butter Breath
91,Khalifa Kush
92,SFV OG Kush
93,Jack the Ripper
94,Jack Frost
95,Cookies and Cream
96,Cat Piss
97,Sour OG
98,G-13
99,Holy Grail Kush
100,Island Sweet Skunk
101,Mendo Breath
102,Jillybean
103,Lemon Kush
104,Orange Crush
105,Mendocino Purps
106,Platinum OG
107,Master Kush
108,Ice Cream
109,MAC 1
110,Sundae Driver
111,Bio Jesus
112,Brownie Scout
113,Obama Kush
114,Goji OG
115,Larry OG
116,Black Widow
117,Papaya
118,Nerds
119,Jet Fuel
120,Bubblegum
121,MK Ultra
122,White Rhino
123,Violator Kush
124,Colombian Gold
125,Trinity
126,Animal Cookies
127,Slurricane
128,Gorilla Cookies
129,Lavender
130,Flo
131,Cannatonic
132,Querkle
133,Grapefruit
134,God's Gift
135,Clementine
136,Pre-98 Bubba Kush
137,Monster Cookies
138,Apollo 13
139,Black Jack
140,Blue Mystic
141,Hash Plant
142,Lodi Dodi
143,Agent Orange
144,Cheese
145,Super Skunk
146,Red Dragon
147,Platinum Girl Scout Cookies
148,Casey Jones
149,Tangie
150,Rosetta Stone
151,Grandpa's Stash
152,Kandy Kush
153,Pennywise
154,Star Killer
155,White Cookies
156,Harlequin
157,Alien Dawg
158,Green Line OG
159,Kush Mint
160,Private Reserve
161,Lemon G
162,Recon
163,Phantom OG
164,Orange Kush
165,Cherry Diesel
166,Champagne Kush
167,Chocolope
168,The White
169,Super Sour Diesel
170,Critical Mass
171,Key Lime Pie
172,Banana OG
173,Strawberry Kush
174,Bubblegum Kush
175,Dutch Treat
176,Great White Shark
177,Blue Sherbert
178,Shishkaberry
179,Panama Red
180,Bordello
181,Cinderella 99
182,Laughing Buddha
183,Watermelon
184,Greek Kalamata
185,Space Queen
186,Super Glue
187,Snoop's Dream
188,Big Bud
189,Chaos Kush
190,White Buffalo
191,Tiger's Milk
192,Vanilla Kush
193,Banana Split
194,White Runtz
195,Amnesia
196,Ice Wreck
197,Jean Guy
198,Alaskan Ice
199,Romulan
200,Crystal Coma
201,RudeBoi OG
202,London Pound Cake
203,White Gold
204,Afgooey
205,Tangerine
206,Herojuana
207,Chronic
208,Lavender Haze
209,Lemon OG
210,Hawaiian Snow
211,Lemon Diesel
212,Lucid Blue
213,Bakerstreet
214,God's Green Crack
215,Cherry Bomb
216,Sour Jack
217,God Bud
218,Lemon Cake
219,THC Bomb
220,Blueberry Headband
221,Zombie OG
222,Headbanger
223,Blue Diesel
224,Chocolate Thai
225,Ogre Kush
226,Tangerine Dream
227,Triangle Kush
228,Afghani
229,Cereal Milk
230,Cold Creek Kush
231,XJ-13
232,Crescendo
233,Nebula
234,Venom OG
235,Black Mamba
236,Citrus Sap
237,Sunshine Daydream
238,Pineapple Kush
239,UBC Chemo
240,Paris OG
241,Sweet Tooth
242,707 Headband
243,Duke Nukem
244,Cherry Kush
245,Blue Magic
246,Wonder Woman
247,Dreamcatcher
248,Mako Haze
249,Deadhead OG
250,Vortex
251,Pure OG
252,Hellfire OG
253,Lava Cake
254,Tropicana
255,Strawberry Amnesia
256,Dutch Dragon
257,Loud
258,Cherry Wine
259,Orange Creamsicle
260,Tahoe Alien
261,LA Kush
262,Gorilla Glue #5
263,True OG
264,Enemy of the State
265,Yoda OG
266,Shark Shock
267,Where's My Bike
268,Wild Thailand
269,Grapefruit Kush
270,Hardcore OG
271,Blueberry Space Cake
272,Sour Sunset
273,Money Maker
274,Strawberry Diesel
275,Jamaican Dream
276,White Nightmare
277,Big Smooth
278,Black Cherry Soda
279,Platinum Kush
280,Jesus OG
281,Cookie Wreck
282,Peaches and Cream
283,Critical Haze
284,Banjo
285,Night Nurse
286,Tyson
287,Tangerine Kush
288,Melonade
289,Midnight
290,Outer Space
291,Incredible Hulk
292,Snow White
293,Kali Mist
294,Scooby Snacks
295,Super Lemon OG
296,Purple Voodoo
297,Cornbread
298,Grape Stomper
299,Blue Widow
300,Pineapple Chunk
301,White Gushers
302,Blue Magoo
303,Liberty Haze
304,K2
305,XXX OG
306,Blood Kush
307,Pandora's Box
308,Skunk Haze
309,Catfish
310,Sour Kush
311,Thai Sticks
312,East Coast Sour Diesel
313,Black Cheese
314,Diablo OG
315,Critical Jack
316,Larry Bird Kush
317,Lemon Meringue
318,Lemon Thai
319,Peyote Cookies
320,Guava Kush
321,Guava Gelato
322,Mag Landrace
323,Queen Mother Goji
324,Cotton Candy Kush
325,Platinum Bubba Kush
326,Cinex
327,Pez
328,Black Domina
329,Cherry OG
330,Jolly Rancher
331,Meat Breath
332,Jack's Cleaner
333,Sour Apple
334,The White Angel
335,Juicy Fruit
336,Black Tuna
337,Lucky Charms
338,Cookie Breath
339,Bonkers
340,Pink Lemonade
341,ZaZa
342,Mandarin Cookies
343,Motorbreath
344,Haze
345,Super Critical
346,Biscotti
347,Sage N Sour
348,The Black
349,Sour Grape
350,Ecto Cooler
351,Charlotte's Web
352,Red Poison
353,Balmoral
354,Animal Mint
355,Golden Pineapple
356,Strawberry Cheesecake
357,Alien Rift
358,Ringo's Gift
359,Melon Gum
360,Mob Boss
361,Darth Vader OG
362,Cream caramel
363,Grape Inferno
364,Purple Dream
365,Remedy
366,Legend OG
367,Billy Kimber OG
368,Zookies
369,Gorilla Glue #12
370,Purple Bud
371,Molokai Frost
372,Nepalese Jam
373,Bear Dance
374,Lemon Pie
375,Blueberry Muffins
376,Gooberry
377,Honey Bananas
378,SAGE
379,Kimbo Kush
380,Wappa
381,Mango
382,Original Glue
383,Snowland
384,OGKB
385,Nirvana Special
386,Apple Jack
387,Dominator
388,Cookies Gary Payton
389,Vader OG
390,White Tahoe Cookies
391,Lilac Diesel
392,Triple Cheese
393,White 99
394,Carl Sagan
395,Old Toby
396,Love Potion #9
397,Bubba Fett
398,Wedding Crasher
399,Mars OG
400,Nuken
401,Pineapple Upside Down Cake
402,Big Buddha Cheese
403,French Toast
404,Blue God
405,Blue Haze
406,OG Skunk
407,Super Jack
408,White Castle
409,Somango
410,Apple Kush
411,C. Banana
412,Cherry Kola
413,Pink Cookies
414,Hawaiian Punch
415,Cataract Kush
416,Mango Tango
417,Super Kush
418,CBD Dancehall
419,Donkey Butter
420,Alien Technology
421,White Walker OG
422,Captain America OG
423,Snoop Dogg OG
424,Hollands Hope
425,Walter White
426,Skunkberry
427,Blue Moon Rocks
428,Black Lime Special Reserve
429,Green Dream
430,OG Shark
431,Banana Cream OG
432,Blue Zkittlez
433,Chocolate Fondue
434,OG 18
435,Purple Wreck
436,Garlic Bud
437,Pineapple Skunk
438,Exodus Cheese
439,Purple Cheese
440,Lemon Jack
441,Extreme Cream
442,Hippie Crippler
443,Willie Cheesie
444,Alpha Blue
445,Little Dragon
446,Alien Fire
447,Houndstooth
448,Bio Chem
449,Aceh
450,Maple Leaf Indica
451,Yummy
452,Purple Aurora
453,Sour Tsunami
454,Reggie
455,Love Potion #1
456,West Coast Diesel
457,Jamaican
458,Golden Ticket
459,Blue Mango
460,24K Gold
461,Blue Diamond
462,Royal Kush
463,LA OG
464,Black Russian
465,Blueberry Diesel
466,Medusa
467,Hawaiian Haze
468,Syrup OG
469,Thai
470,U Pink Kush
471,Nepali OG
472,Tres Dawg
473,Painkiller
474,Blueberry Pie
475,Chemdawg 4
476,Banana Punch
477,Star Berry
478,Black Cherry Gelato
479,Blue Gelato
480,Sonoma Coma
481,Black Licorice
482,White Russian
483,Mr. Nice
484,Blueberry Skunk
485,Critical Orange Punch
486,Blackwater
487,El Nino
488,Arcata Trainwreck
489,Grape Soda
490,Josh D OG
491,Medicine Man
492,I-95
493,White Dream
494,Blue Monster
495,Alaska
496,Scott's OG
497,Strawberry Fields
498,Sour Pebbles
499,Nicole Kush
500,White Strawberry
501,Purple Thai
502,Green Dragon
503,Purple Passion
504,Diamond OG
505,Sour Joker
506,Lemon Sativa
507,Eldorado
508,Blue Crack
509,Matanuska Thunder Fuck
510,Sour Tangie
511,Alaskan Purple
512,Nordle
513,Lemonberry
514,Citrus Sunshine Haze
515,Zero Gravity
516,Gelato #33
517,Chocolate OG
518,Kashmir Kush
519,Tuna Kush
520,Cookie Monster
521,Grape Kush
522,Golden Lemon
523,Nurse Jackie
524,Yeti OG
525,Double Dream
526,Ill OG
527,Oreoz
528,Berry Bomb
529,White Lightening
530,Butter OG
531,Sour Banana Sherbet
532,Cheesequake
533,NYPD
534,Peach Ringz
535,Green Candy
536,Balla Berries
537,Orange Cookies
538,Tangie Biscotti
539,Jack's Girl
540,Starry Night
541,Captain's Cake
542,Purple Champagne
543,Dr. Who
544,Cookie Dough
545,Purple Widow
546,Grandpa's Breath
547,Mochi
548,Iron Triangle
549,Brian Berry Cough
550,Four way
551,Chocolate Kush
552,Silver Kush
553,Purple Diesel
554,Peyton Manning
555,Blue Lights
556,Sugar Cookie
557,Axilla
558,Bediol
559,Kings Kush
560,Jelly Breath
561,Queso
562,Orange Cream
563,Gelato #41
564,Strawberry Haze
565,Cookies Kush
566,Permafrost
567,Blue Zushi
568,Power Plant
569,Dream Queen
570,Green Goblin
571,White Diesel
572,Aspen OG
573,King Tut
574,Citradelic Sunset
575,William's Wonder
576,Mazar
577,Gorilla Bomb
578,Raspberry Kush
579,Acid Dough
580,Alien Rock Candy
581,Commerce City Kush
582,Black Cherry Pie
583,Sunburn
584,Blue Buddha
585,Hell's Angel OG
586,Neville's Haze
587,Bianca
588,Face Off OG
589,Pancake Ice
590,Orange 43
591,Holy Roller
592,Northern Hashplant
593,Galactic Jack
594,Peach Cobbler
595,Warlock
596,DJ Short Blueberry
597,Cinderella's Dream
598,Skunk #1
599,Grape Jelly
600,Gypsy Kush
601,Grape Valley Kush
602,Ice
603,Omega
604,Killer Queen
605,Green Poison
606,Strawberry
607,Hashberry
608,Green Ribbon
609,Alpha Omega OG
610,Cadillac Purple
611,Goo
612,Euphoria
613,Sour Cookies
614,Rolls Choice
615,Woody Kush
616,Purple Berry
617,Rozé
618,Head Cheese
619,Game Changer
620,Elvis
621,Critical Bilbo
622,U.K. Cheese
623,Ms Universe
624,Purple Candy
625,Juliet
626,Erez
627,Gigabud
628,Ghostbreath
629,Lavender Jones
630,Chemdawg 91
631,Sherblato
632,Mendo Queen
633,Hibiscus Sunrise
634,Scout's Honor
635,Trix
636,F.O.G.
637,Ultraviolet
638,Cherry Limeade
639,Silver Bubble
640,Armageddon
641,Purple Jolly Rancher
642,Key Lime Haze
643,Tangilope
644,Allen Wrench
645,Air Jordan OG
646,Supermax OG
647,Redd Cross
648,Rosaberry
649,Monster OG
650,Black Label
651,Legendary Lemon
652,Galactica OG
653,California Orange Cheese
654,Alpine Blue
655,98 White Widow
656,Chem Cookies
657,Chocolate Cheesecake
658,999
659,Sister Glue
660,Blue Ivy
661,Irene Kush
662,Fast Eddy
663,Fruit Crusher
664,Animal Gas
665,Plushberry
666,Mataro Blue
667,Memory Loss
668,Blue Lemon
669,Fire Alien Master
670,Wet Dream
671,Sugar Black Rose
672,Animal Face
673,Pineapple Jack
674,Thunderstruck
675,White Berry
676,Godberry
677,False Teeth
678,Polar Dog
679,Gelato Cake
680,Now N Later
681,Beyond the Brain
682,Purple Gorilla
683,Garanimals
684,Tillamook Strawberry
685,Ultra Sour
686,Tuna OG
687,Versace
688,Washing Machine
689,Wakanda OG
690,Ace of Spades
691,The Brotherhood
692,Dr. Grinspoon
693,Firewalker OG
694,Corleone Kush
695,Doc OG
696,Pine Tar Kush
697,Purple Jack
698,Purple Monkey Balls
699,Redwood Kush
700,Purple Cheddar
701,Purple Tangie
702,Red Congolese
703,Black Label Kush
704,Alien Hallucination
705,Primus
706,Buddha's Sister
707,Crimea Blue
708,Buddha's Hand
709,Godfather OG
710,Pop Rox
711,Colorado Bubba
712,Pineapple Thai
713,Bubba OG
714,Purple Tonic
715,Alien Bubba
716,Blueberry Jack
717,Purple Crack
718,Blackberry x Blueberry
719,Platinum Purple Kush
720,Hercules
721,Orange Juice
722,Hindu Skunk
723,Blue Steel
724,Citrus Punch
725,Jack 47
726,Quebec Gold
727,Optimus Prime
728,Johnny Blaze
729,Ethiopian
730,White Gorilla
731,G1000
732,Purple Alien OG
733,Black Afghan
734,Birds of Paradise
735,Valley Girl
736,Chiesel
737,Pineapple Haze
738,Loud Scout
739,Blue Heron
740,Ghetto Bird
741,Big Bull
742,White Kush
743,Strawberry Ice
744,Fortune Cookies
745,Bright Fire
746,Big Mac
747,Sugar Kush
748,White Dawg
749,Bell Ringer
750,Tropical Tang
751,King Kush
752,Raspberry Cough
753,Pink Bubba
754,OG Cheese
755,California Hash Plant
756,Bright Moments
757,Early Miss
758,Or
759,Atomic Bomb
760,Big Kush
761,Black Cherry OG
762,OG Chem
763,Gas Mask
764,Chocolate Diesel
765,Ghost Cookies
766,Sweet Black Angel
767,C3PO
768,Rocket Fuel
769,La Blanca
770,Dr. Bubbles
771,Red Haze
772,Dragon OG
773,Strawberry Lemonade
774,Aurora Indica
775,Royal Highness
776,El Jefe
777,Golden Nugget
778,Elmer's Glue
779,Mother's Helper
780,Northern Wreck
781,Chocolate Haze
782,American Pie
783,Purple Suicide
784,Foul Mouth
785,Jack Flash
786,Soul Shine
787,Purple Lightning
788,Punky Lion
789,Super Snow Dog
790,Madagascar
791,Pearl Scout Cookies
792,Cali Kush
793,Jelly Roll
794,Lemon Bubble
795,Lake of Fire
796,Green Avenger
797,Tweed CBD
798,God's Bubba
799,Django
800,Blue Nina
801,Critical 47
802,Devil Fruit
803,Megalodon
804,Electric Kool-Aid
805,Cactus Cooler
806,Endless Sky
807,Fire Haze
808,Edelweiss
809,Sweet Kush
810,Ayahuasca Purple
811,Rare Darkness
812,Anonymous OG
813,Koolato
814,Blue Nightmare
815,Spliffs Strawberry
816,Millennium
817,Outlaw
818,G13 Haze
819,Oracle
820,White Sangria
821,DarkStar
822,Boysenberry
823,Moonwalker Kush
824,Cali Gold
825,Blue Alien
826,Ghost Bubba
827,Zeus OG
828,Berry OG
829,Milky Way
830,Quasar
831,Irish Cream
832,Stephen Hawking Kush
833,Bubblicious
834,White Knight
835,Raindance
836,Alf
837,BB King
838,Tutti Frutti
839,Lucid Dream
840,Webster
841,Lucy
842,White OG
843,King Kong
844,B-52
845,Blue Goo
846,Gucci OG
847,P-91
848,Dizzy OG
849,Blueberry Cheesecake
850,Charlie Sheen
851,Pink Champagne
852,Blue Hawaiian
853,Huckleberry
854,Gobbstopper
855,Emerald OG
856,Grape God
857,Boy Scout Cookies
858,Presidential OG
859,Fruit Punch
860,Tesla Tower
861,Dog Shit
862,Blue Dot
863,Jedi Kush
864,Pure Kush
865,Abusive OG
866,Night Train
867,CBD Kush
868,Blue Venom
869,Chocolate Hashberry
870,Conspiracy Kush
871,Mango Haze
872,Deep Chunk
873,Kong
874,Pie Face
875,Blue Knight
876,Cheese Candy
877,Boss Hogg
878,Black Ice
879,Monkey Paw
880,Red Headed Stranger
881,UW
882,Ice Queen
883,California Orange
884,Las Vegas Purple Kush
885,Mega Wellness OG
886,Blueberry Blast
887,Purple Elephant
888,C4
889,Presidential Kush
890,Candy Jack
891,$100 OG Kush
892,Happy Kush
893,Purple Power
894,Herijuana
895,Gandalf OG
896,White Urkle
897,Alien Kush
898,Purple Trainwreck
899,Ginger Ale
900,Little Devil
901,Canna-Tsu
902,Ambrosia
903,Wedding Pie
904,Big Bang
905,Swazi Gold
906,Carnival
907,The Original Lemonnade
908,Kryptonite
909,Highlands
910,Kilimanjaro
911,Ninja Fruit
912,Laughing Gas
913,Custard Cream
914,Green Queen
915,Pure Power
916,Pot of Gold
917,Baklava
918,Cowboy Kush
919,Orange Blossom
920,Gorilla Snacks
921,Space Cream
922,Krishna Kush
923,Blue Rhino
924,DJ Andy Williams
925,Sherbacio
926,Hulkberry
927,Peppermint Cookies
928,Caramelo
929,Malawi
930,Middlefork
931,Jack's Dream
932,Tropicali
933,Frankenstein
934,Gummy Bears
935,French Cookies
936,Dream Lotus
937,Megatron
938,Hammerhead
939,Hawaiian
940,K1
941,Sour Chocolate
942,Ace Killer OG
943,Pipe Dream
944,Green Kush
945,Agent Tangie
946,Green Love Potion
947,Asian Fantasy
948,Obsession
949,Cannalope Kush
950,Jorge's Diamonds #1
951,Selene
952,Sirius Black
953,Sour Bubba
954,Full Moon
955,Area 51
956,In The Pines
957,Pineapple Diesel
958,Salmon River OG
959,Grape Crush
960,Suzy Q
961,Hemlock
962,Tora Bora
963,Moonshine Haze
964,Lee Roy
965,Orange Dream
966,White Queen
967,Pink Panties
968,Honey Boo Boo
969,Twisted Citrus
970,Red Cherry Berry
971,White Durban
972,Papa's OG
973,Frosty Jesus
974,Oaxacan Highland
975,BC Big Bud
976,Bubba's Gift
977,Pineapple Cookies
978,Cherry AK-47
979,Super Blue Dream
980,Dirty Girl
981,Power Kush
982,Sour Candy
983,Purple Princess
984,Purple Skunk
985,Oregon Diesel
986,Master Skunk
987,Mango Dream
988,The Cough
989,Grape Skunk
990,Violet Delight
991,Frostbite
992,Hogs Breath
993,Kolossus
994,White Dragon
995,Alien Sour Apple
996,Critical Sensi Star
997,Rob Ford Kush
998,Marionberry Kush
999,Monkey Bread #1
1000,Glueberry OG
1001,Cluster Bomb
1002,NightFire OG
1003,Longbottom Leaf
1004,Fucking Incredible
1005,Easy Bud
1006,Church OG
1007,Blackberry Haze
1008,American Dream
1009,Qush
1010,Dr. Feelgood
1011,Lemon Ice
1012,Sour Amnesia
1013,Double Barrel OG
1014,Locktite
1015,Earthquake
1016,Cherry Cream Pie
1017,Mint Chocolate Chip
1018,Sour Jilly
1019,Kaboom
1020,Katsu Bubba Kush
1021,Crème Brulee
1022,Quantum Kush
1023,Extreme OG
1024,Bay Dream
1025,Dark Side of the Moon
1026,Gelatti
1027,Lemon Sorbet 3
1028,Gelato #45
1029,Silver Haze
1030,White Girl
1031,Martian Candy
1032,Kush Cake
1033,RockStar
1034,Shock Tart
1035,GMO
1036,Magic Melon
1037,Pamelina
1038,Pink Starburst
1039,Papaya Punch
1040,Platinum Sour Diesel
1041,Purple Star
1042,Ghost Rider OG
1043,Fatso OG
1044,Gorilla Girl
1045,Blueberry Cookies
1046,Incredible Bulk
1047,Stinky Pete
1048,Baker's Delight
1049,Blowfish
1050,Frisian Dew
1051,Black Betty
1052,Shangri-La
1053,Purple Rhino
1054,Professor Chaos
1055,More Cowbell
1056,Dutch Hawaiian
1057,Northernberry
1058,Purple Cream
1059,King Cake
1060,Slymer
1061,Glass Apple
1062,Burkle
1063,Ingrid
1064,Moose And Lobsta
1065,Aloha
1066,Blissful Wizard
1067,Dosi Face
1068,Six Shooter
1069,Crunch Berry Kush
1070,Patti Cake
1071,Voodoo
1072,Dogwalker OG
1073,Purple OG Kush
1074,Sunshine
1075,Jenny Kush
1076,Jamaican Pearl
1077,Pineapple Fields
1078,Galactic Glue
1079,Animal Blues
1080,Albert Walker
1081,Sapphire Scout
1082,Pineapple Punch
1083,Strawnana
1084,Sweet Dream
1085,Tangie Dream
1086,Black Cherry Punch
1087,Tokyo OG
1088,Tropical Cookies
1089,Strawberry Blue
1090,Gushers
1091,Georgia Pie
1092,Mother of Berries
1093,Gas
1094,Mandarin Sunset
1095,Sour Berry
1096,Garlic Breath
1097,Mystery Jazz
1098,Race Fuel OG
1099,Dragon's Breath
1100,Eran Almog
1101,Tahoe Purps
1102,Citral Glue
1103,Hawaiian Duckfoot
1104,Chocolate Mint OG
1105,Duct Tape
1106,Face on Fire
1107,Giesel
1108,Gruntz
1109,LA Cheese
1110,Lemon
1111,Lemon Cheesecake
1112,Lemon Tangie
1113,Miss USA
1114,Member Berry
1115,Lambs in Space
1116,Dank Commander
1117,Carmalicious
1118,Rainmaker
1119,Rollex OG Kush
1120,Sour Blueberry
1121,Sour Space Candy
1122,Chocolate Chunk
1123,Sweet Cheese
1124,Blue OG
1125,Cracker Jack
1126,Damn Sour
1127,Mother’s Milk
1128,Dolato
1129,Swamp Thing
1130,Tangerine Haze
1131,Mace Windu
1132,Mercury OG
1133,Montana Silvertip
1134,Lemon Marmalade
1135,Fire Alien Strawberry
1136,Dutch Kush
1137,Pineapple Trainwreck
1138,Zelly's Gift
1139,Fifth Element
1140,Strawberry Glue
1141,Cosmic Glue
1142,Heatwave
1143,Magnum
1144,Rogue Thunder
1145,Hitman OG
1146,Lemon Kush Headband
1147,Blueberry Gushers
1148,Safety Meeting
1149,Pineapple OG
1150,Rise 'n' Shine
1151,Dirty Taxi
1152,Golden Strawberry
1153,J1
1154,Sour Alien
1155,Strawberry Bliss
1156,Pakistani Chitral Kush (PCK)
1157,Tangie Cookies
1158,Space Cake
1159,Marathon OG
1160,Royal Cheese
1161,Dread Bread
1162,Mango Sapphire
1163,Watermelon Zkittlez
1164,Willie Nelson
1165,White Cherry Gelato
1166,Pura Vida
1167,Strawberry Shortcake
1168,The Bling
1169,Tropicana Cookies
1170,Sour Headband
1171,Green Cheese
1172,Gorilla Grips
1173,Green Mango
1174,Hades OG
1175,Harley Twin
1176,Viper
1177,Government Mule
1178,Honey Lemon Cheese
1179,OGiesel
1180,Clockwork Orange
1181,Sour Bubble
1182,Purple Nepal
1183,Blizzard Bush
1184,Anunnaki
1185,Carmel Cough
1186,Humboldt Sour Diesel
1187,Harmonia
1188,Jack Burton
1189,Jack's Dragon Girl #7
1190,Kushadelic
1191,Chocolate Meringue
1192,Chemmy Jones
1193,Boss OG
1194,Cannadential
1195,Caramel Candy Kush
1196,CBD Critical Cure
1197,Cheeseburger
1198,Chem Scout
1199,Rocky Dennis
1200,Banana Bread
1201,Early Skunk
1202,Rose Bud
1203,WSU
1204,Chemwreck
1205,Chupacabra
1206,Russian Doll
1207,Jungle Cake
1208,Cheetah Piss
1209,A-Train
1210,Santa Sativa
1211,Cuvee
1212,Dank Schrader
1213,Dawg's Waltz
1214,Flaming Cookies
1215,Frosted Freak
1216,Funfetti
1217,Funky Monkey
1218,Goldberry
1219,Grape OX
1220,Hawaiian Fire
1221,Hawaiian Purple Kush
1222,Haze Wreck
1223,Zerbert
1224,Heisenberg Kush
1225,Purple Raine
1226,Hell Raiser OG
1227,Divorce Cake
1228,Martian Mean Green
1229,Highwayman
1230,Hurkle
1231,Biohazard
1232,East Coast Alien
1233,Madness
1234,Zeitgeist
1235,Mojito
1236,Satsuma
1237,Deep Purple
1238,North Indian
1239,Ken's Kush
1240,Kerala Krush
1241,Karma Bitch
1242,Katsu Kush
1243,X Files
1244,Killer Grape
1245,Kobain Kush
1246,Kraken
1247,Stardawg Guava
1248,Blue Puff
1249,Bubble Bomb
1250,Serious Happiness
1251,Shining Silver Haze
1252,The Wife
1253,Strawberry Satori
1254,Tahoe Hydro OG
1255,The Grunk
1256,El Perro
1257,Thelonious Skunk
1258,Keystone Kush
1259,Grapefruit Haze
1260,TJ's CBD
1261,ICED Grapefruit
1262,Purple Animal Cookies
1263,Black Raspberry
1264,Blue Fire
1265,Fruity Widow
1266,Burning Desire
1267,Cadillac Cookies
1268,Cali Dragon
1269,KT Dawg
1270,Candy Apple
1271,Chardonnay
1272,Caramel Cake
1273,Cheese Dawg
1274,Chem Berry Diesel
1275,Skunk+
1276,Sky Lotus
1277,Sky Master
1278,Cherry Fuel
1279,Slice of Heaven
1280,Sidetracked
1281,Super Chronic
1282,Concord Cream
1283,Comfortably Dumb
1284,Cherry Moon Pie
1285,Snow Goddess
1286,Mandala #1
1287,Cookies and Cream Cheese
1288,Cookies Haze
1289,Lennon
1290,Silver Calyx
1291,Cougar Milk
1292,Pine Cone
1293,Popcorn Kush
1294,Red Diesel
1295,Raskal OG
1296,Wonka's Bubblicious
1297,Coyote Art
1298,Critical Purple Kush
1299,Critical Soma
1300,Sour Chunk
1301,Coconut Oil
1302,Sorcerer's Apprentice
1303,Sonic Screwdriver
1304,Russian Assassin
1305,Sensi Skunk
1306,LA Kookies
1307,Magic Beans OG
1308,Lemonhead OG
1309,Magellan
1310,Phone Home
1311,Flowerbomb Kush
1312,Desert Star
1313,Shark Attack
1314,Doctor Doctor
1315,The Wills
1316,Seattle Summer
1317,XXX 420
1318,Sour Breath
1319,Northern Skunk
1320,Haze Heaven
1321,Opium
1322,Thai Lights
1323,Sour Star Head
1324,Space Bomb
1325,Nukeheads
1326,OCA Gold
1327,OG 1 Kenobi
1328,OG Glue Sniffer
1329,Sugar Pine
1330,Bio Diesel
1331,Aliens on Moonshine
1332,Star Pupil
1333,La Nina
1334,Purple Headband
1335,Northern Cross
1336,Strawberry Blondie
1337,Kaua'i Electric
1338,Big Tooth
1339,Thunderbird Rose
1340,Strawberry Alien Kush
1341,Straight A's Haze
1342,Starman
1343,Urkle Train Haze
1344,Strawberry Snow Cone
1345,Supergirl
1346,Bacio Gelato
1347,OG Sour Diesel
1348,Orange Kush Breath
1349,Sweet Baby Jane
1350,Sweet Amnesia Haze
1351,Smooth Operator
1352,Hawaiian Cookies
1353,Caviar Gold
1354,Best Friend OG
1355,Strawberry Frost
1356,Orient Express
1357,Suicide Girl
1358,Cake Batter
1359,Blackberry Trainwreck
1360,Satori
1361,Puna Budder
1362,Dutch Queen
1363,Golden Soda
1364,Oil Spill
1365,Kill Bill
1366,Penelope
1367,Sunset
1368,Super Silver Lights
1369,The Real McCoy
1370,Sexxpot
1371,Exile
1372,Sumo's OG Kush
1373,Summer Breeze
1374,Sweet Pure CBD
1375,Sweet Harlem Diesel
1376,Diamond Socks
1377,Honey Buns
1378,Blue Boy
1379,Sweet Jesus
1380,Sun Ra
1381,Snowball
1382,Destroyer
1383,Tardis
1384,Money Pug
1385,Sour Willie
1386,Emperor Cookie Dough
1387,Super G
1388,Zeta Sage
1389,Gorilla Zkittlez
1390,Super Sour Lemon
1391,Astral Works
1392,Strawberry Blonde
1393,Heavy Duty Fruity
1394,Spyder Mon
1395,The Vision
1396,Captain Jack
1397,Green Gelato
1398,Sour Spyder
1399,Cherry Kiss
1400,Tar Monster
1401,Grapefruit Diesel
1402,Thai Fantasy
1403,The Big Dirty
1404,The Boss
1405,The Gift
1406,The Lime
1407,The Loops
1408,Tina
1409,Tonics Web
1410,Berry Sanders
1411,Trap Star
1412,Treasure Island
1413,Head Trip
1414,KC 36
1415,Tropic Thunder
1416,True Face
1417,True X
1418,Truffle Butter
1419,Ultra Banana
1420,Vietnamese Bubba
1421,Violeta
1422,Wembley
1423,Sweet and Sour Widow
1424,White Bastard
1425,Tangerine Sunrise
1426,White Bubblegum
1427,Cheesewreck
1428,White Caramel Cookie
1429,White Coco
1430,White Domina
1431,Bubblegum Rainbow Kush
1432,Blackberry Bubble
1433,The Fork
1434,Throwback Kush
1435,Kushberry
1436,Qrazy Train
1437,WMD
1438,Wonder Kid
1439,Wookie
1440,Sinai
1441,WTF
1442,Yoda's Brain
1443,Zelda
1444,Mai Tai Cookies
1445,Sour Cheese
1446,Sugar Shack
1447,Tahoe Hydro Champagne
1448,Nuclear Cookies
1449,Pineapple Purps
1450,Headstash
1451,White Ryder
1452,Gelonade
1453,Guava Chem
1454,Fat Banana
1455,Golden Tiger
1456,Hempstar
1457,Madman OG
1458,Doug's Varin
1459,Orange Hill Special
1460,Opal OG Kush
1461,Purple Chemdawg
1462,Romulan Grapefruit
1463,Shiva Skunk
1464,Pineapple
1465,Sour Urkle
1466,Cheesy Dick
1467,VCDC
1468,White Romulan
1469,3D CBD
1470,501st OG
1471,AK-48
1472,Skunk Dawg
1473,Atomical Haze
1474,Avidekel
1475,Sunset Haze
1476,Pokie
1477,Brooklyn Mango
1478,Bubble Cheese
1479,Buddha Tahoe
1480,Amnesia Lemon
1481,Snow Mountain
1482,Predator Pink
1483,Purple Sage
1484,Sticky Buns
1485,Blackberry Chem OG
1486,Blackberry Rhino
1487,Blue Dynamite
1488,Bloo's Kloos
1489,Blue Afghani
1490,Blueberry AK
1491,Blueberry Essence
1492,Blueberry Lambsbread
1493,Sour Flower
1494,Booger
1495,Brainstorm Haze
1496,Blueberry Pancakes
1497,Confidential Cheese
1498,Gorilla OG
1499,Pink Sunset
1500,Pestilence
1501,Bugatti OG
1502,Crater Lake
1503,Pink Mango
1504,Silver Cindy
1505,Snow Leopard
1506,Panama Punch
1507,Snowcap
1508,P-51
1509,840
1510,Double Tap
1511,Swiss Sativa
1512,Paris XXX
1513,Blue Moonshine
1514,Cherry Thunder Fuck
1515,Brain Candy
1516,Jenni
1517,California Limes
1518,Grand Poobah
1519,Bubba Fresh
1520,Shark Bite
1521,Harmony
1522,Supernova
1523,Rebel Berry OG
1524,Lemon Bananas
1525,White Walker Kush
1526,Cindy White
1527,Green Monster
1528,Strawberry OG
1529,Buddha Haze
1530,Hollywood OG
1531,Sour Dream
1532,Nepalese Dragon
1533,Timewreck
1534,Fallen Angel
1535,Pluto Kush
1536,Velvet Bud
1537,Double Diesel
1538,Black Bubba
1539,Red Widow
1540,Rock Bud
1541,Apricot Jelly
1542,Blackberry Snow Cone
1543,Black Lotus
1544,Loud Dream
1545,Pink Death Star
1546,Alice In Wonderland
1547,Shooting Star
1548,Old Mother Sativa
1549,Belladonna
1550,African
1551,OG Diesel Kush
1552,Dream Star
1553,Lemon Pepper
1554,Black Magic
1555,GDP Electric
1556,Deep Breath
1557,Grandma's Batch
1558,Blue Wolf
1559,Blush
1560,White Siberian
1561,Lost Sierra Night Nurse
1562,Cobbler
1563,Black D.O.G.
1564,Project Blue Book
1565,Julius Caesar
1566,White Lavender
1567,Golden Panda
1568,Cali Jack
1569,Sour Power
1570,Berry Larry
1571,Burnt Cookies
1572,Barbara Bud
1573,Future
1574,Buddha's Tooth
1575,Bazooka Joe
1576,Higher Power
1577,Carpet Tape
1578,California Love OG
1579,Chuck OG
1580,Purple Sour Diesel
1581,Orange Skunk
1582,Purple Arrow
1583,Gold King's Thai
1584,Brazil Amazonia
1585,CBD Shark
1586,Black Haze
1587,LA Chocolat
1588,Bedford Glue
1589,Blackberry Dream
1590,Mad Dawg
1591,Golden State Banana
1592,Delahaze
1593,Old School OG
1594,Powderhound
1595,Cole Train
1596,Electric Lemonade
1597,Cit·Rix
1598,Casper OG
1599,OG Poison
1600,Doctor Jamaica
1601,One To One
1602,First 48
1603,Slimer OG
1604,Romulan Haze
1605,Red Dwarf
1606,Scroopy Noopers
1607,Double Mint
1608,Medical 49
1609,Afwreck
1610,Princess's Tiara
1611,Sequoia Strawberry
1612,Purple Paralysis
1613,Slazerbeam
1614,Champagne Diesel
1615,Chem Beyond Diesel CBD
1616,Congo
1617,Mr Tusk
1618,Mother Tongue
1619,PVC OG
1620,City of God
1621,Gemstone
1622,Dutch Haze
1623,Dr. Quantum
1624,Mission Kush
1625,Waldo
1626,Red Velvet Pie
1627,Rocky Mountain High
1628,Purple Pinecone
1629,Robert Plant
1630,River Song
1631,Lightstorm
1632,Humboldt
1633,Frosty
1634,Red Eye OG
1635,Jacky White
1636,Sugar Punch
1637,Starbud
1638,G Force
1639,Tangerine Power
1640,8 Ball Kush
1641,Blue Ox
1642,Blackberry Fire
1643,Big Bomb
1644,Satellite OG
1645,Oregon Pineapple
1646,Superman OG
1647,Ginger Punch
1648,Misty Morning
1649,Golden Gage
1650,Electric Black Mamba
1651,Goat Head
1652,Gilz Nilz
1653,Chloe
1654,Purple Dog Shit
1655,Krystalica
1656,Critical Cheese
1657,Mother's Finest
1658,Rebel God Smoke
1659,The Third Dimension
1660,Eagle Bill
1661,Nexus OG
1662,Easy Peezy
1663,Ridge Berry
1664,X Wing
1665,Alien Breath
1666,Argyle
1667,NY Cheese
1668,Godzilla Glue
1669,Dinachem
1670,Dakini Kush
1671,Critical Plus 2.0
1672,American Beauty
1673,Purple Bubba
1674,Purple Ice
1675,Purple Bush
1676,Phantom Cookies
1677,Snow Ryder
1678,AK-49
1679,South Central LA
1680,Grilled Cheese
1681,Purple AK-47
1682,Fat Purple
1683,Jamba Juice
1684,South Asian Sativa
1685,Tundra
1686,Snow Diesel
1687,Sour LSD
1688,Sour Ape
1689,South Asian
1690,Sunlight Skunk
1691,Chem Valley Kush
1692,Special Kush #1
1693,Sumo Grande
1694,Purple Cotton Candy
1695,Superstar
1696,Purple Buddha
1697,Turbo Mind Warp
1698,Snow Bud
1699,Biddy Early
1700,Secret Garden OG
1701,Silver Train
1702,South Indian
1703,Faded Glory
1704,King Henry VIII
1705,Sierra Mist
1706,South American
1707,Shipwreck
1708,Skins Skunk
1709,Purple Cow
1710,Snow Monster
1711,Poison Haze
1712,Sour Poison
1713,Alien Cookies
1714,Q3
1715,Terminator OG
1716,The Sister
1717,Purple Maui
1718,Chem's Sister
1719,Russian Rocket Fuel
1720,Summertime Squeeze
1721,Purple Dragon
1722,Connie Chung
1723,Four Cups
1724,Sunshine #4
1725,Four Star General
1726,Organic Diesel
1727,Neil Haze
1728,3 Bears OG
1729,1024
1730,Tina Danza
1731,Ultimate Trainwreck
1732,X Tra Chz
1733,California Dream
1734,X-Kush #1
1735,Fighting Buddha
1736,Euphoria Cookies
1737,Silver Nina
1738,Sin City Kush
1739,Sin Valley OG
1740,Royal Haze
1741,Seattle Cough
1742,Romping Goddess
1743,Green Python
1744,Purple Frost
1745,Top 44
1746,Lime Purple Mist
1747,Lady Liberty
1748,Root Beer Kush
1749,MILF
1750,Road Dawg
1751,The Void
1752,iPot
1753,Logic Diesel
1754,Pagoda
1755,Pure Love
1756,Jack Widow
1757,Industrial Plant
1758,Negra 44
1759,Jack Kush
1760,Majestic 12
1761,Manitoba Poison
1762,Maui Berry
1763,Pomelo Cookies
1764,Maui Bubble Gift
1765,Kelly Hill Gold
1766,Mau-Mau
1767,LA Jack
1768,LA Ultra
1769,Lethal Purple
1770,Travel Joint
1771,Loyalty
1772,Lemon Daddy
1773,KC 33
1774,Hobbit
1775,Kali 47
1776,J-27
1777,Blue Kiss
1778,White Moonshine
1779,Jazz
1780,North American
1781,Limon
1782,818 OG
1783,Double D
1784,LA Sunshine
1785,Jane Doe
1786,Herringbone
1787,Boaty McBoatface
1788,Magic Jordan
1789,Blue Zombie
1790,GI001
1791,Donna OG
1792,Eastern European
1793,Good Medicine
1794,Georgia Pine
1795,Kid N Kookies
1796,Yogi Diesel
1797,Donegal
1798,Big Holy Nina
1799,StarRyder
1800,Gravity
1801,Chocolope Kush
1802,Green Haze
1803,Isla OG
1804,Ghost Ship
1805,Fire Alien Kush
1806,Dream Beaver
1807,Pineapple Super Silver Haze
1808,Ancient Kush
1809,Xanadu
1810,Buckeye Purple
1811,Bubba Berry
1812,Pacific Blue
1813,Frida
1814,Blue Bastard
1815,Titanium
1816,Dreadlock
1817,Fat Nelson
1818,God's Treat
1819,Grand Hustle
1820,Blue Galaxy
1821,Glad Max
1822,Cotton Purple Chem
1823,Blue Mountain Fire
1824,Disney Blue
1825,California Sour
1826,Critical Skunk
1827,Cherry Grapefruit
1828,DJ Smoke
1829,Eugene Cream
1830,Brainwreck
1831,Cherry Sherbet
1832,BOG Bubble
1833,Mazar Kush
1834,Kahuna
1835,Denver Maple
1836,Copper Kush
1837,Durban Cheese
1838,Chem Crush
1839,Chong Star
1840,Sweet Jane
1841,Sweet Lafayette
1842,Ape Shit
1843,Biker Kush
1844,Critical Widow
1845,Ebola #7
1846,Sweet Nina
1847,Blood Orange Kush
1848,Rafael
1849,Bogart
1850,Buffalo Bill
1851,Avi
1852,Fat Albert
1853,Star Tonic
1854,Black Dahlia
1855,BSC
1856,El-Na
1857,Blue Treat
1858,Diesel Duff
1859,Wally OG
1860,Domino
1861,BIgfoot Glue
1862,Dr. Funk
1863,Dream Police
1864,303 OG
1865,Bloodhound
1866,Space Dawg
1867,Maqui
1868,13 Dawgs
1869,Allkush
1870,Venice OG
1871,Blue Persuasion
1872,LAPD
1873,Whiteout
1874,Twista
1875,Arctic Sun
1876,Keester Kush
1877,Legalized OG
1878,Deadwood
1879,Guice
1880,Super Sweet
1881,White Walrus
1882,Sleestack
1883,Blucifer
1884,White Smurf
1885,Avalon
1886,Star 47
1887,Poochie Love
1888,Sputnik
1889,Thor's Hammer
1890,Verde Electric
1891,Platinum Wreck
1892,Cyclops
1893,Space Monster
1894,Purple Afghani
1895,B4
1896,Afghan Cow
1897,Jack Skellington
1898,Super Sour Widow
1899,Thai Girl
1900,Strawberry Mango Haze
1901,Khufu
1902,Elderberry
1903,Tree of Life
1904,Valentine X
1905,Stella Blue
1906,The Ox
1907,Aloha Berry
1908,Sweet Deep Grapefruit
1909,White Empress
1910,White Fire Alien OG
1911,Irish Kush
1912,California Grapefruit
1913,Omega Dawg
1914,Capers
1915,Raspberry Cookies
1916,Stevie Wonder
1917,C3
1918,Frank's Gift
1919,Secret Recipe
1920,Thai Haze
1921,The Ooze
1922,Sweet Pebbles
1923,Ice Princess
1924,Cocoa Kush
1925,C13 Haze
1926,Blue Bayou
1927,Blackberry Diesel
1928,Brand X
1929,Cobra Lips
1930,Citral Skunk
1931,Banana Peel
1932,Atmosphere
1933,Beast Mode OG
1934,Brains Damage
1935,Anesthesia
1936,Fraggle Rock
1937,Blue Wonder
1938,Lions Gate
1939,Bettie Page
1940,Tiger Woods
1941,Blue Velvet
1942,Bob Barker
1943,Randy Savage
1944,BC Sweet Tooth
1945,Happy Nightmare
1946,Americano
1947,Big White
1948,Swiss Bliss
1949,Acid
1950,Kriss Kross
1951,Blue Blood
1952,Crypt
1953,Venus OG
1954,Tommy’s Home Grown
1955,Odyssey
1956,Alpha Express
1957,Alpine Star
1958,Spirit of 76
1959,American Kush
1960,Ash
1961,Zen
1962,Bandana
1963,Astroboy
1964,Ortega
1965,Trash
1966,The One
1967,Tesla
1968,Alien Inferno
1969,Berry Noir
1970,Batgirl
1971,Zoom Pie
1972,Nova
1973,Amethyst
1974,Sour Maui
1975,Berkley
1976,Skunk 47
1977,White Haze
1978,Early Girl
1979,Haole
1980,Lifesaver
1981,Blueberry Haze
1982,West OG
1983,White Zombie
1984,The Blood
1985,Trident
1986,Atomic Goat
1987,Sweet Diesel
1988,Truth Serum
1989,Big Sky OG
1990,The Sheriff
1991,Blaze
1992,Alien Reunion
1993,Afghan Skunk
1994,Blockhead
1995,White Fire 43
1996,Aberdeen
1997,Supernatural
1998,Alpha Cow
1999,Big Sur Holy Bud
2000,Black Cherry Cheesecake
2001,Hong Kong
2002,Royal Dutch
2003,Mega Jackpot
2004,Triple Diesel
2005,Wonder Haze
2006,Sublime
2007,Swiss Gold
2008,Crown OG
2009,Green Goddess
2010,The Doctor
2011,Sour Haze
2012,Whitaker Blues
2013,Blue Power
2014,Cannasutra
2015,Blue Jay Way
2016,Twilight
2017,Mad Scientist
2018,Kona Gold
2019,Space Needle
2020,Bay 11
2021,Atomic Northern Lights
2022,Narnia
2023,3x Crazy
2024,Lemon Drop
2025,Snow Lotus
2026,Candy Cane
2027,Locomotion
2028,Blue Thai
2029,Haze Berry
2030,Emerald Jack
2031,Chem Willie
2032,Purple People Eater
2033,Mexican
2034,Shark's Breath
2035,Blackberry Pie
2036,Mt Rainier
2037,Deep Sleep
2038,Neptune OG
2039,Blueberry Yum Yum
2040,Big Wreck
2041,Dutch Berry
2042,Shoreline
2043,Maui
2044,Morning Star
2045,Mt Cook
2046,Mammoth
2047,Willy Wonka
2048,Hog
2049,Cherry Skunk
2050,Appalachia
2051,LA Woman
2052,Sugar Plum
2053,Blue Sky
2054,Earth OG
2055,Blue Frost
2056,Killing Fields
2057,Green Lantern
2058,Godzilla
2059,Dairy Queen
2060,Mountain Girl
2061,Silver Surfer
2062,Transformer
2063,Bubbleberry
2064,Euforia
2065,Pitbull
2066,Cherries Jubilee
2067,Grape Royale
2068,Blurple
2069,Harambe's Ghost
2070,Lost Coast OG
2071,Purple Jems
2072,Placenta
2073,Sour Moonrocks
2074,Rainbow Kush
2075,Chemdawg Sour Diesel
2076,Raw Diesel
2077,Fruit Loops
2078,New Glue
2079,Critical Plus
2080,B. Lee
2081,Big Skunk Korean
2082,Hawaiian Skunk
2083,Flying Dragon
2084,Medicine Woman
2085,Hurricane
2086,Early Pearl
2087,Nightmare Cookies
2088,Rx
2089,White Diamond
2090,A-10
2091,Triple OG
2092,Mike Larry
2093,Blue Dragon
2094,Purple Linda
2095,Betty Boo
2096,Blue Champagne
2097,Glass Slipper
2098,Appleberry
2099,Blue Goblin
2100,AJ Sour Diesel
2101,Master Jedi
2102,Lowryder
2103,Apollo Haze
2104,Cannalope Haze
2105,Purple Tide
2106,Captain Kush
2107,Y Griega
2108,BC Roadkill
2109,Chem de la Chem
2110,Sand Storm
2111,Banana Candy
2112,Kuchi
2113,Kurple Fantasy
2114,Trojan
2115,Flash Back
2116,Lazy Train
2117,Northwest Pineapple
2118,OG Los Angeles Kush
2119,Lemon Pound Cake
2120,Lavender Kush
2121,Little Angel
2122,Dark Blue Dream
2123,Blueberry Afgoo
2124,White Dwarf
2125,Dynamite
2126,Yumboldt
2127,Pine Queen Dream
2128,Michigan Skunk
2129,Blue Kush
2130,Qleaner
2131,Wreckage
2132,Think Different
2133,Taiga
2134,Purple Barney
2135,King's Bread
2136,Death By Cake OG
2137,Rubicon
2138,Blueberry Gum
2139,Venomberry
2140,Vaniluna
2141,Liquid Butter
2142,OG Purple Fire Thai
2143,Hawaii 78
2144,Purple Tears
2145,Heaven Scent
2146,Dark Shadow Haze
2147,Crockett's Haze
2148,Swiss
2149,Dark Matter
2150,White Lotus
2151,Arabian Gold
2152,Green Hornet
2153,Double Dutch
2154,Afghan Haze
2155,Starfighter
2156,Diesel Glue
2157,Dirty Old Bastard
2158,Dirty Widow
2159,Ed Rosenthal Super Bud
2160,Grateful Breath
2161,Chocolate Thunder
2162,Alien Apparition
2163,Crosswalker
2164,Kali Dog
2165,Green Magic
2166,White Elephant
2167,Blue Satellite
2168,Blue Train
2169,Sour Cream
2170,Lemon Wreck
2171,Lime Tart
2172,Cookie Jar
2173,Honduras
2174,GTO
2175,Karma OG
2176,Inzane in the Membrane
2177,Grape Drink
2178,Serious 6
2179,Pink Pez
2180,Jamaican Lion
2181,Hades Haze
2182,Rene
2183,Jimi Hendrix
2184,Light Saber
2185,Crown Royale
2186,Hawaiian Delight
2187,Holy Ghost
2188,Colorado Chem
2189,Grape Cookies
2190,Hawaiian Mayan Gold
2191,Hammershark
2192,Harley Storm
2193,Juicy Jack
2194,Sugar Breath
2195,Deep Cheese
2196,Horace
2197,Ray Charles
2198,K-Train
2199,Honey Rock
2200,Cherry Durban Poison
2201,Sugar Mama
2202,White Cheese
2203,Rainbow Jones
2204,Pirate Radio
2205,Blackberry Cream
2206,Ether
2207,G.O.A.T.
2208,Lost Coast Ghost
2209,Mean Misty
2210,Mango Habanero
2211,Seattle Blue
2212,Lucifer OG
2213,Viper City OG
2214,Birds Eye
2215,Enigma
2216,Black Velvet
2217,Bermuda Punch
2218,Chocolate Tonic
2219,Double OG
2220,Jack Haze
2221,'88 G13 Hashplant
2222,Hippie Chicken
2223,The Sauce
2224,Cabbage Patch
2225,Harry Potter
2226,Azure Haze
2227,Purple Snow
2228,Rug Burn OG
2229,Dream Berry
2230,Light of Jah
2231,Dreamer's Glass
2232,Panda OG
2233,Chronic Thunder
2234,Dream Machine
2235,Blue Hash
2236,Secret Weapon
2237,Red Rhino
2238,Orange Velvet
2239,Black Banana Cookies
2240,Cookies and Dream
2241,Stardust
2242,Sapphire Star
2243,Shaman
2244,Walker Kush
2245,Alpha OG
2246,Batman OG
2247,Glue Tech
2248,Glookies
2249,Urban Poison
2250,Jack Diesel
2251,Space Candy
2252,Mickey Kush
2253,Blues
2254,Titan OG
2255,Electric Lemon G
2256,Butterscotch
2257,Nepalese
2258,Purple Mr. Nice
2259,Alien Abduction
2260,Super Bud
2261,Orange Turbo
2262,Super Sour Skunk
2263,Rainbow Chip
2264,Santa Maria
2265,Don Carlos
2266,Silver Pearl
2267,Cambodian
2268,Blue Wreck
2269,Strawberry Guava
2270,Lime Green Skunk
2271,Master Bubba
2272,White Skunk
2273,The Truth
2274,Strawberry Milkshake
2275,The Flav
2276,Collins Ave
2277,A-Dub
2278,Very Berry Haze
2279,Grandpa Larry OG
2280,Lemon Fire
2281,Purple Goo
2282,Master Yoda
2283,Blue Runtz
2284,Pink Berry
2285,Cactus
2286,Super Cheese
2287,Blueberry Dream
2288,Ancient OG
2289,10th Planet
2290,Chocolate Lava
2291,Burmese Kush
2292,Orange Diesel
2293,OCD
2294,Oregon Pinot Noir
2295,Nice Cherry
2296,South Indian Indica
2297,Alchemy
2298,Royal Chemdawg
2299,Medibud
2300,Grand Hindu
2301,Critical Hog
2302,Cherry Pie Kush
2303,Afternoon Delight
2304,Cherry Lemonade
2305,Schrom
2306,SinMint Cookies
2307,Rockstar Master Kush
2308,Pineapple Dog Shit
2309,Mt Hood Magic
2310,Rocky Mountain Blueberry
2311,Ogre Berry
2312,Magnum PI
2313,Candy OG
2314,Hawaiian Diesel
2315,OG LA Affie
2316,Monkey Thunder
2317,Critical Kali Mist
2318,Rocklock
2319,Fruit Spirit
2320,Moon Cookies
2321,Maui Mango Diesel
2322,MediHaze
2323,Misty Kush
2324,Nebula II CBD
2325,Orange Wreck
2326,Strawberry Dream
2327,Green Crack Extreme
2328,Go Time
2329,McLovin
2330,Super Cat Piss
2331,8 Miles High
2332,Orange Durban
2333,Lemon OG Haze
2334,Ultra Sonja
2335,Southern Lights
2336,Lemon Alien Dawg
2337,Orange Snow Cone
2338,Pan Jam
2339,Peachy Mack
2340,Silver Back
2341,Lemon Tree
2342,Ocean View
2343,High School Sweetheart
2344,Kush Cleaner
2345,OG Wreck
2346,Ripped Bubba
2347,Humble Pie
2348,Flavor Crystals
2349,OG's Pearl
2350,Palm Tree CBD
2351,Perfect Purple
2352,Sweet Tea
2353,Aurora Borealis
2354,Black 84
2355,Phantom Arrow
2356,Dream Girl
2357,Clusterfunk
2358,Princess
2359,Brandywine
2360,Crazy Miss Hyde
2361,White Slipper
2362,Waferz
2363,Island Haze
2364,Sweet Dreams
2365,Special K
2366,2 Scoops
2367,CBD OG
2368,Afghan Diesel
2369,Cherry Fire
2370,Chem Jack
2371,Quick One
2372,Jack Smack
2373,Lambo OG
2374,Agape
2375,CBD Rich Blessing
2376,Confidential Cookies
2377,Acai Berry Gelato
2378,Karamelo
2379,Soul Assassin OG
2380,Pure Afghan
2381,Royal Dwarf
2382,Mandarin Temple
2383,Mighty Glue
2384,Chocolate Rain
2385,Richie Rich
2386,Sourlope
2387,SleeSkunk
2388,Thai Tanic
2389,Blueberry Cough
2390,Skunky Diesel
2391,Club 69
2392,Cherry Vanilla Cookies
2393,Chocolate Drop
2394,Chocolate Skunk
2395,Skywalker Alien
2396,Chocolate Glue
2397,Cherry Sauce
2398,Jah Goo
2399,Joliet Jake
2400,Jawa Pie
2401,Mountain Thunder
2402,Mud Bite
2403,Pinot Green
2404,Guava Cake
2405,Tangerine Man
2406,Kubbie Kush
2407,Purple Martian Kush
2408,Morning Glory
2409,Sticky Icky
2410,Inferno Haze
2411,Motavation
2412,Cronuts
2413,Moonbeam
2414,Sweet Berry
2415,Purple Goat
2416,Toxic Punch
2417,Cream Saverz
2418,Birthday Cake
2419,Confidential Wreck
2420,Mother of All Cherries
2421,Sugar Klingon
2422,ArcticBlue
2423,Bubblegum Cookies
2424,Oriental Express
2425,Happy Rancher
2426,Harlequin GDP
2427,Purple Hashplant
2428,Lemon Zest
2429,Dance World
2430,Pineapple Sage
2431,Mystery 98
2432,Chocolate Sap
2433,Pink Picasso
2434,Pink Hawaiian
2435,Limoncello
2436,Cosmic Cookies
2437,Purple Alien
2438,Lemon OZ
2439,60 Day Wonder
2440,Tally Mon
2441,Pakistan Valley Kush
2442,Pinkman Goo
2443,Platinum Huckleberry Cookies
2444,Punxsy Punch
2445,SFV Dog
2446,Banana Hammock
2447,Oh! Zone
2448,Layer Cake
2449,Orange Haze
2450,Diesel Dawg
2451,Triple G
2452,Afghanica
2453,Cherry Punch
2454,Mango Brulee
2455,OZ Kush
2456,Saturn OG
2457,Orange Peel
2458,Maui Haze
2459,Jah Kush
2460,Tasty Waves
2461,Han Solo Burger
2462,Legend of Nigeria
2463,Candy Rain
2464,Kronocaine
2465,Temple Kush
2466,Black Runtz
2467,Banana Pudding
2468,Black Diesel
2469,Mama Mia
2470,Tranquil Elephantizer Remix
2471,OGKZ
2472,Super A5
2473,Blue Glue
2474,Cream Soda
2475,Moolah
2476,Tropicana Jet Fuel
2477,Papaya Cake
2478,Orange Sunshine
2479,Lemon Grenade
2480,Strawberry Nightmare
2481,Kush Sorbet
2482,Jetlato
2483,Cookie Puss
2484,Swiss Tsunami
2485,Gelato 31
2486,Banana Diesel
2487,Fruity Chronic Juice
2488,Forum Cut Cookies
2489,White Ice
2490,Chewbacca
2491,Fruitylicious
2492,Whip It
2493,North American Sativa
2494,Watermelon Runtz
2495,Shape Shifter
2496,Glueball
2497,Blue Maui
2498,Citrus Kush
2499,Flo Walker
2500,Hashbar OG
2501,Boax
2502,M-39
2503,Malibu OG
2504,Wildberry
2505,Hi-Octane
2506,Purple Mango
2507,Witches Weed
2508,Royal Cookies
2509,Central American
2510,Pootie Tang
2511,Mojo
2512,Super Sour OG
2513,Purple Swish
2514,Big City Lights
2515,Cherry Cookies
2516,Purple Guava
2517,Blue Sugar Cookies
2518,Bob Saget
2519,The REM
2520,Asteroid OG
2521,Bubonic Chronic
2522,Yolo Berry
2523,Frozen Grapes
2524,Night Terror OG
2525,Dosalito
2526,King Cookies
2527,Dank Sinatra
2528,Nf1
2529,Joker's Grin
2530,Lucinda Williams
2531,Facewreck
2532,Item 9
2533,Bloody Skunk
2534,Cherry Garcia
2535,Don Mega
2536,Ethos Apex
2537,Tiramisu
2538,Dopium
2539,Double Tangie Banana
2540,Durban Berry
2541,Orange Daquiri
2542,Durban Diesel
2543,Durban Cookies
2544,El Chapo OG
2545,Point Break
2546,Brightberry Cookies
2547,Grimace
2548,Guard Dawg
2549,Gutbuster
2550,Gumbo
2551,Guptilla
2552,Blue Monkey
2553,Haleigh's Hope
2554,Haoma
2555,Harle-Tsu
2556,Hashplant Haze
2557,Hustler Kush
2558,Double Grape
2559,Iced Widow
2560,Illuminati OG
2561,Jack Wreck
2562,Jackalope
2563,Jacked Up
2564,Sugar Cone
2565,Jasmine
2566,JR
2567,Jupiter OG
2568,Sour Cherry Sherbert
2569,Tangie Ghost Train
2570,Trueberry
2571,Velvet Purps
2572,Wabanaki
2573,Wookies
2574,Crockett's Sour Tangie
2575,Crumbled Lime
2576,Cypress OG
2577,Desert Diesel
2578,Designer OG
2579,Devil
2580,Diesel Dough
2581,Dirt Nap
2582,Doc Holliday
2583,Maui Apple Diesel
2584,Don's Ghost
2585,Dr.Greenthumb's Em-Dog
2586,Dragon Fruit
2587,Kosher Dawg
2588,Durian
2589,Elektra
2590,Exodus Kush
2591,Turtle Pie
2592,Fall '97
2593,Bubba Thunder Kush
2594,Frosted Cherry Cookies
2595,Frozen Tangerines
2596,Kosher Tangie Kush
2597,Apex
2598,GlueChee
2599,Gorilla Blue
2600,Gorilla Breath
2601,Gorilla Grapes
2602,Granola Funk
2603,Grape God Bud
2604,MAC
2605,Eleven Roses
2606,Huckleberry Diesel
2607,Jackpot
2608,Atomic Apple
2609,Horchata
2610,Spec Ops
2611,Lifter
2612,Loopy Fruit
2613,Love Boat
2614,Love Triangle
2615,Mag 91
2616,Magnificent Mile
2617,Magnum Opus
2618,Beast Mode 2.0
2619,Lemongrass
2620,Himalayan Gold
2621,Mandarin Dreams
2622,Mandarin Jack
2623,Lemon Brulee
2624,Moon Drops
2625,Kerala
2626,Kreamy Karamel
2627,Kush-N-Cheese
2628,LA Cake
2629,Morning Flight
2630,Mountain Temple
2631,Neroli 91
2632,Newberry
2633,Nightmare OG
2634,NorCal Purps
2635,Ocean Grown Cookies
2636,OG Lime Killer
2637,Ol'Betsy
2638,Orange Fanta
2639,Orange Harambe
2640,Oregon Lemons
2641,Ozma
2642,Pacific Frost
2643,Paradise Waits
2644,PB Soufflé
2645,Dark Plasma
2646,Pie Hoe
2647,Plum Dawg Millionaire
2648,Powernap
2649,Puck Yeah
2650,Inner Chi
2651,Grape Crinkle
2652,White Gummy
2653,Purple Glue
2654,Purple Killer
2655,Purple Moby Dick
2656,Green Spirit
2657,Kitchen Sink
2658,Purple Pie
2659,Purple Unicorn
2660,Quad Dawg
2661,Raspberry Diesel
2662,Raspberry Tart
2663,Royal Salute
2664,Ruby Rose
2665,Russian Roulette
2666,Merlot OG
2667,Sour Stomper
2668,Samoa Kush
2669,Serious Kush
2670,Shaman's Dream
2671,Shark Widow
2672,Short and Sweet
2673,Silver Cheese
2674,Silver Mountain
2675,Sorbet Dreams
2676,Sour Kosher
2677,Sour Lemons
2678,Indigo
2679,Sour Strawberry
2680,Peanut Butter Crunch
2681,Space Poison
2682,Pineapple Runtz
2683,Sour Lifesaver
2684,Mango Puff
2685,Smoothie
2686,Sour Lemon OG
2687,Sorbetto
2688,Scarface OG
2689,Afghan Express
2690,Banana MAC
2691,Jock Horror
2692,Purple Pineapple Express
2693,Abracadabra
2694,Grape Puff
2695,Scoops
2696,Underdog OG
2697,El Chapo
2698,Thunder Cookies
2699,BTY OG
2700,Grapefruit Sour Dream
2701,Jack Plant
2702,Honey Badger Haze
2703,Blue Suede Shoes
2704,Colin OG
2705,Quattro Kush
2706,Palpatine
2707,Lilac Cookies
2708,Golden Gate Kush
2709,After Burner
2710,Training Day
2711,Natural Born Killer
2712,Sour Dubb
2713,Modified Banana
2714,Watermelon Zum Zum
2715,Sweeties
2716,Purple Mayhem
2717,Alpha Dawg
2718,Bubble Kush
2719,Crackleberry
2720,Cookie Punch
2721,Clifford
2722,Pine Sol
2723,CB Diesel
2724,Ewok
2725,Trinidad OG
2726,Mendo Montage
2727,Killa Kush
2728,KGB
2729,Glucifer
2730,White Lemon
2731,Golden Haze
2732,Arjan's Haze
2733,Purple Poison
2734,Betty Hayes
2735,Panchamama
2736,Powder Keg
2737,Tangieland
2738,Snowman OG
2739,Sour Pineapple
2740,Shrieker
2741,Front Boss
2742,Dr. Shakalu
2743,Cake Frosting
2744,Arise
2745,Grenadine
2746,Christmas Tree
2747,Helen Back
2748,Long Peak Blue
2749,Orange Ghost
2750,Lime Kush
2751,Truth Band
2752,Very Berry Kush
2753,Spray Tan
2754,Sour Crack
2755,Pink Tuna
2756,Pop Tarts
2757,Ripley's OG
2758,Wedding Gelato
2759,Tropical Kush
2760,413
2761,Power Africa
2762,Special Occasion
2763,Purple Sunset
2764,Obama Runtz
2765,Pumpkin Kush
2766,Biscotti Gushers
2767,Runtz OG
2768,Blue Tara
2769,Sour Blue Glue
2770,Bazookies
2771,Glue Cookies
2772,Pink Runtz
2773,Blueberry Bubblegum
2774,Boonana
2775,Strawpicanna
2776,Cinderella OG
2777,Bubba Jones
2778,Raspberry Cheesecake
2779,Christmas Cookies
2780,Candy Glue
2781,Apple Sherbet
2782,Captain Crunch
2783,Garlotti
2784,Lemon Cherry Gelato
2785,Pink Rozay
2786,Pink Gorilla
2787,Princess Haze
2788,Gorilla Cake
2789,Dragon's Fire
2790,Hawaiian Runtz
2791,3 Kings
2792,Cement Shoes
