","
Green Crack
Blue Dream
Sour Diesel
Gorilla Glue #4
Hindu Kush
Gorilla Glue
Skywalker OG
Girl Scout Cookies
Northern Lights
Jack Herer
Wedding Cake
Durban Poison
Pineapple Express
OG Kush
Granddaddy Purple
Gelato
White Widow
Forbidden Fruit
GMO Cookies
Fruity Pebbles
NYC Diesel
Trump OG
Skywalker
Stardawg
Tahoe OG
Blueberry
AK-47
Do-Si-Dos
Jager
Lemon Haze
Chemdawg
Afghan Kush
Amnesia Haze
Cherry Pie
Acapulco Gold
Grape Ape
Blue Cheese
Lamb's Bread
Orange Bud
Purple Kush
Death Bubba
Purple Punch
Trainwreck
Runtz
Strawberry Cough
Zkittlez
Alaskan Thunderfuck
Banana Kush
9 Pound Hammer
Mimosa
Apple Fritter
Berry White
LSD
Blue Cookies
Ghost Train Haze
Candyland
King Louis XIII
Alien OG
Sunset Sherbet
Kosher Kush
Super Silver Haze
Purple Haze
Strawberry Banana
Black Diamond
Lemon Skunk
Maui Waui
Moby Dick
Bruce Banner
Fire OG Kush
Sensi Star
Death Star
Ghost OG
Super Lemon Haze
LA Confidential
Mango Kush
Thin Mint Cookies
Golden Goat
Timewarp
Pink Kush
Chernobyl
Ice Cream Cake
ACDC
Bubba Kush
Critical Kush
Blueberry Kush
Purple Urkle
Headband
White Fire OG
Blackberry Kush
Grease Monkey
Peanut Butter Breath
Khalifa Kush
SFV OG Kush
Jack the Ripper
Jack Frost
Cookies and Cream
Cat Piss
Sour OG
G-13
Holy Grail Kush
Island Sweet Skunk
Mendo Breath
Jillybean
Lemon Kush
Orange Crush
Mendocino Purps
Platinum OG
Master Kush
Ice Cream
MAC 1
Sundae Driver
Bio Jesus
Brownie Scout
Obama Kush
Goji OG
Larry OG
Black Widow
Papaya
Nerds
Jet Fuel
Bubblegum
MK Ultra
White Rhino
Violator Kush
Colombian Gold
Trinity
Animal Cookies
Slurricane
Gorilla Cookies
Lavender
Flo
Cannatonic
Querkle
Grapefruit
God's Gift
Clementine
Pre-98 Bubba Kush
Monster Cookies
Apollo 13
Black Jack
Blue Mystic
Hash Plant
Lodi Dodi
Agent Orange
Cheese
Super Skunk
Red Dragon
Platinum Girl Scout Cookies
Casey Jones
Tangie
Rosetta Stone
Grandpa's Stash
Kandy Kush
Pennywise
Star Killer
White Cookies
Harlequin
Alien Dawg
Green Line OG
Kush Mint
Private Reserve
Lemon G
Recon
Phantom OG
Orange Kush
Cherry Diesel
Champagne Kush
Chocolope
The White
Super Sour Diesel
Critical Mass
Key Lime Pie
Banana OG
Strawberry Kush
Bubblegum Kush
Dutch Treat
Great White Shark
Blue Sherbert
Shishkaberry
Panama Red
Bordello
Cinderella 99
Laughing Buddha
Watermelon
Greek Kalamata
Space Queen
Super Glue
Snoop's Dream
Big Bud
Chaos Kush
White Buffalo
Tiger's Milk
Vanilla Kush
Banana Split
White Runtz
Amnesia
Ice Wreck
Jean Guy
Alaskan Ice
Romulan
Crystal Coma
RudeBoi OG
London Pound Cake
White Gold
Afgooey
Tangerine
Herojuana
Chronic
Lavender Haze
Lemon OG
Hawaiian Snow
Lemon Diesel
Lucid Blue
Bakerstreet
God's Green Crack
Cherry Bomb
Sour Jack
God Bud
Lemon Cake
THC Bomb
Blueberry Headband
Zombie OG
Headbanger
Blue Diesel
Chocolate Thai
Ogre Kush
Tangerine Dream
Triangle Kush
Afghani
Cereal Milk
Cold Creek Kush
XJ-13
Crescendo
Nebula
Venom OG
Black Mamba
Citrus Sap
Sunshine Daydream
Pineapple Kush
UBC Chemo
Paris OG
Sweet Tooth
707 Headband
Duke Nukem
Cherry Kush
Blue Magic
Wonder Woman
Dreamcatcher
Mako Haze
Deadhead OG
Vortex
Pure OG
Hellfire OG
Lava Cake
Tropicana
Strawberry Amnesia
Dutch Dragon
Loud
Cherry Wine
Orange Creamsicle
Tahoe Alien
LA Kush
Gorilla Glue #5
True OG
Enemy of the State
Yoda OG
Shark Shock
Where's My Bike
Wild Thailand
Grapefruit Kush
Hardcore OG
Blueberry Space Cake
Sour Sunset
Money Maker
Strawberry Diesel
Jamaican Dream
White Nightmare
Big Smooth
Black Cherry Soda
Platinum Kush
Jesus OG
Cookie Wreck
Peaches and Cream
Critical Haze
Banjo
Night Nurse
Tyson
Tangerine Kush
Melonade
Midnight
Outer Space
Incredible Hulk
Snow White
Kali Mist
Scooby Snacks
Super Lemon OG
Purple Voodoo
Cornbread
Grape Stomper
Blue Widow
Pineapple Chunk
White Gushers
Blue Magoo
Liberty Haze
K2
XXX OG
Blood Kush
Pandora's Box
Skunk Haze
Catfish
Sour Kush
Thai Sticks
East Coast Sour Diesel
Black Cheese
Diablo OG
Critical Jack
Larry Bird Kush
Lemon Meringue
Lemon Thai
Peyote Cookies
Guava Kush
Guava Gelato
Mag Landrace
Queen Mother Goji
Cotton Candy Kush
Platinum Bubba Kush
Cinex
Pez
Black Domina
Cherry OG
Jolly Rancher
Meat Breath
Jack's Cleaner
Sour Apple
The White Angel
Juicy Fruit
Black Tuna
Lucky Charms
Cookie Breath
Bonkers
Pink Lemonade
ZaZa
Mandarin Cookies
Motorbreath
Haze
Super Critical
Biscotti
Sage N Sour
The Black
Sour Grape
Ecto Cooler
Charlotte's Web
Red Poison
Balmoral
Animal Mint
Golden Pineapple
Strawberry Cheesecake
Alien Rift
Ringo's Gift
Melon Gum
Mob Boss
Darth Vader OG
Cream caramel
Grape Inferno
Purple Dream
Remedy
Legend OG
Billy Kimber OG
Zookies
Gorilla Glue #12
Purple Bud
Molokai Frost
Nepalese Jam
Bear Dance
Lemon Pie
Blueberry Muffins
Gooberry
Honey Bananas
SAGE
Kimbo Kush
Wappa
Mango
Original Glue
Snowland
OGKB
Nirvana Special
Apple Jack
Dominator
Cookies Gary Payton
Vader OG
White Tahoe Cookies
Lilac Diesel
Triple Cheese
White 99
Carl Sagan
Old Toby
Love Potion #9
Bubba Fett
Wedding Crasher
Mars OG
Nuken
Pineapple Upside Down Cake
Big Buddha Cheese
French Toast
Blue God
Blue Haze
OG Skunk
Super Jack
White Castle
Somango
Apple Kush
C. Banana
Cherry Kola
Pink Cookies
Hawaiian Punch
Cataract Kush
Mango Tango
Super Kush
CBD Dancehall
Donkey Butter
Alien Technology
White Walker OG
Captain America OG
Snoop Dogg OG
Hollands Hope
Walter White
Skunkberry
Blue Moon Rocks
Black Lime Special Reserve
Green Dream
OG Shark
Banana Cream OG
Blue Zkittlez
Chocolate Fondue
OG 18
Purple Wreck
Garlic Bud
Pineapple Skunk
Exodus Cheese
Purple Cheese
Lemon Jack
Extreme Cream
Hippie Crippler
Willie Cheesie
Alpha Blue
Little Dragon
Alien Fire
Houndstooth
Bio Chem
Aceh
Maple Leaf Indica
Yummy
Purple Aurora
Sour Tsunami
Reggie
Love Potion #1
West Coast Diesel
Jamaican
Golden Ticket
Blue Mango
24K Gold
Blue Diamond
Royal Kush
LA OG
Black Russian
Blueberry Diesel
Medusa
Hawaiian Haze
Syrup OG
Thai
U Pink Kush
Nepali OG
Tres Dawg
Painkiller
Blueberry Pie
Chemdawg 4
Banana Punch
Star Berry
Black Cherry Gelato
Blue Gelato
Sonoma Coma
Black Licorice
White Russian
Mr. Nice
Blueberry Skunk
Critical Orange Punch
Blackwater
El Nino
Arcata Trainwreck
Grape Soda
Josh D OG
Medicine Man
I-95
White Dream
Blue Monster
Alaska
Scott's OG
Strawberry Fields
Sour Pebbles
Nicole Kush
White Strawberry
Purple Thai
Green Dragon
Purple Passion
Diamond OG
Sour Joker
Lemon Sativa
Eldorado
Blue Crack
Matanuska Thunder Fuck
Sour Tangie
Alaskan Purple
Nordle
Lemonberry
Citrus Sunshine Haze
Zero Gravity
Gelato #33
Chocolate OG
Kashmir Kush
Tuna Kush
Cookie Monster
Grape Kush
Golden Lemon
Nurse Jackie
Yeti OG
Double Dream
Ill OG
Oreoz
Berry Bomb
White Lightening
Butter OG
Sour Banana Sherbet
Cheesequake
NYPD
Peach Ringz
Green Candy
Balla Berries
Orange Cookies
Tangie Biscotti
Jack's Girl
Starry Night
Captain's Cake
Purple Champagne
Dr. Who
Cookie Dough
Purple Widow
Grandpa's Breath
Mochi
Iron Triangle
Brian Berry Cough
Four way
Chocolate Kush
Silver Kush
Purple Diesel
Peyton Manning
Blue Lights
Sugar Cookie
Axilla
Bediol
Kings Kush
Jelly Breath
Queso
Orange Cream
Gelato #41
Strawberry Haze
Cookies Kush
Permafrost
Blue Zushi
Power Plant
Dream Queen
Green Goblin
White Diesel
Aspen OG
King Tut
Citradelic Sunset
William's Wonder
Mazar
Gorilla Bomb
Raspberry Kush
Acid Dough
Alien Rock Candy
Commerce City Kush
Black Cherry Pie
Sunburn
Blue Buddha
Hell's Angel OG
Neville's Haze
Bianca
Face Off OG
Pancake Ice
Orange 43
Holy Roller
Northern Hashplant
Galactic Jack
Peach Cobbler
Warlock
DJ Short Blueberry
Cinderella's Dream
Skunk #1
Grape Jelly
Gypsy Kush
Grape Valley Kush
Ice
Omega
Killer Queen
Green Poison
Strawberry
Hashberry
Green Ribbon
Alpha Omega OG
Cadillac Purple
Goo
Euphoria
Sour Cookies
Rolls Choice
Woody Kush
Purple Berry
Rozé
Head Cheese
Game Changer
Elvis
Critical Bilbo
U.K. Cheese
Ms Universe
Purple Candy
Juliet
Erez
Gigabud
Ghostbreath
Lavender Jones
Chemdawg 91
Sherblato
Mendo Queen
Hibiscus Sunrise
Scout's Honor
Trix
F.O.G.
Ultraviolet
Cherry Limeade
Silver Bubble
Armageddon
Purple Jolly Rancher
Key Lime Haze
Tangilope
Allen Wrench
Air Jordan OG
Supermax OG
Redd Cross
Rosaberry
Monster OG
Black Label
Legendary Lemon
Galactica OG
California Orange Cheese
Alpine Blue
98 White Widow
Chem Cookies
Chocolate Cheesecake
999
Sister Glue
Blue Ivy
Irene Kush
Fast Eddy
Fruit Crusher
Animal Gas
Plushberry
Mataro Blue
Memory Loss
Blue Lemon
Fire Alien Master
Wet Dream
Sugar Black Rose
Animal Face
Pineapple Jack
Thunderstruck
White Berry
Godberry
False Teeth
Polar Dog
Gelato Cake
Now N Later
Beyond the Brain
Purple Gorilla
Garanimals
Tillamook Strawberry
Ultra Sour
Tuna OG
Versace
Washing Machine
Wakanda OG
Ace of Spades
The Brotherhood
Dr. Grinspoon
Firewalker OG
Corleone Kush
Doc OG
Pine Tar Kush
Purple Jack
Purple Monkey Balls
Redwood Kush
Purple Cheddar
Purple Tangie
Red Congolese
Black Label Kush
Alien Hallucination
Primus
Buddha's Sister
Crimea Blue
Buddha's Hand
Godfather OG
Pop Rox
Colorado Bubba
Pineapple Thai
Bubba OG
Purple Tonic
Alien Bubba
Blueberry Jack
Purple Crack
Blackberry x Blueberry
Platinum Purple Kush
Hercules
Orange Juice
Hindu Skunk
Blue Steel
Citrus Punch
Jack 47
Quebec Gold
Optimus Prime
Johnny Blaze
Ethiopian
White Gorilla
G1000
Purple Alien OG
Black Afghan
Birds of Paradise
Valley Girl
Chiesel
Pineapple Haze
Loud Scout
Blue Heron
Ghetto Bird
Big Bull
White Kush
Strawberry Ice
Fortune Cookies
Bright Fire
Big Mac
Sugar Kush
White Dawg
Bell Ringer
Tropical Tang
King Kush
Raspberry Cough
Pink Bubba
OG Cheese
California Hash Plant
Bright Moments
Early Miss
Or
Atomic Bomb
Big Kush
Black Cherry OG
OG Chem
Gas Mask
Chocolate Diesel
Ghost Cookies
Sweet Black Angel
C3PO
Rocket Fuel
La Blanca
Dr. Bubbles
Red Haze
Dragon OG
Strawberry Lemonade
Aurora Indica
Royal Highness
El Jefe
Golden Nugget
Elmer's Glue
Mother's Helper
Northern Wreck
Chocolate Haze
American Pie
Purple Suicide
Foul Mouth
Jack Flash
Soul Shine
Purple Lightning
Punky Lion
Super Snow Dog
Madagascar
Pearl Scout Cookies
Cali Kush
Jelly Roll
Lemon Bubble
Lake of Fire
Green Avenger
Tweed CBD
God's Bubba
Django
Blue Nina
Critical 47
Devil Fruit
Megalodon
Electric Kool-Aid
Cactus Cooler
Endless Sky
Fire Haze
Edelweiss
Sweet Kush
Ayahuasca Purple
Rare Darkness
Anonymous OG
Koolato
Blue Nightmare
Spliffs Strawberry
Millennium
Outlaw
G13 Haze
Oracle
White Sangria
DarkStar
Boysenberry
Moonwalker Kush
Cali Gold
Blue Alien
Ghost Bubba
Zeus OG
Berry OG
Milky Way
Quasar
Irish Cream
Stephen Hawking Kush
Bubblicious
White Knight
Raindance
Alf
BB King
Tutti Frutti
Lucid Dream
Webster
Lucy
White OG
King Kong
B-52
Blue Goo
Gucci OG
P-91
Dizzy OG
Blueberry Cheesecake
Charlie Sheen
Pink Champagne
Blue Hawaiian
Huckleberry
Gobbstopper
Emerald OG
Grape God
Boy Scout Cookies
Presidential OG
Fruit Punch
Tesla Tower
Dog Shit
Blue Dot
Jedi Kush
Pure Kush
Abusive OG
Night Train
CBD Kush
Blue Venom
Chocolate Hashberry
Conspiracy Kush
Mango Haze
Deep Chunk
Kong
Pie Face
Blue Knight
Cheese Candy
Boss Hogg
Black Ice
Monkey Paw
Red Headed Stranger
UW
Ice Queen
California Orange
Las Vegas Purple Kush
Mega Wellness OG
Blueberry Blast
Purple Elephant
C4
Presidential Kush
Candy Jack
$100 OG Kush
Happy Kush
Purple Power
Herijuana
Gandalf OG
White Urkle
Alien Kush
Purple Trainwreck
Ginger Ale
Little Devil
Canna-Tsu
Ambrosia
Wedding Pie
Big Bang
Swazi Gold
Carnival
The Original Lemonnade
Kryptonite
Highlands
Kilimanjaro
Ninja Fruit
Laughing Gas
Custard Cream
Green Queen
Pure Power
Pot of Gold
Baklava
Cowboy Kush
Orange Blossom
Gorilla Snacks
Space Cream
Krishna Kush
Blue Rhino
DJ Andy Williams
Sherbacio
Hulkberry
Peppermint Cookies
Caramelo
Malawi
Middlefork
Jack's Dream
Tropicali
Frankenstein
Gummy Bears
French Cookies
Dream Lotus
Megatron
Hammerhead
Hawaiian
K1
Sour Chocolate
Ace Killer OG
Pipe Dream
Green Kush
Agent Tangie
Green Love Potion
Asian Fantasy
Obsession
Cannalope Kush
Jorge's Diamonds #1
Selene
Sirius Black
Sour Bubba
Full Moon
Area 51
In The Pines
Pineapple Diesel
Salmon River OG
Grape Crush
Suzy Q
Hemlock
Tora Bora
Moonshine Haze
Lee Roy
Orange Dream
White Queen
Pink Panties
Honey Boo Boo
Twisted Citrus
Red Cherry Berry
White Durban
Papa's OG
Frosty Jesus
Oaxacan Highland
BC Big Bud
Bubba's Gift
Pineapple Cookies
Cherry AK-47
Super Blue Dream
Dirty Girl
Power Kush
Sour Candy
Purple Princess
Purple Skunk
Oregon Diesel
Master Skunk
Mango Dream
The Cough
Grape Skunk
Violet Delight
Frostbite
Hogs Breath
Kolossus
White Dragon
Alien Sour Apple
Critical Sensi Star
Rob Ford Kush
Marionberry Kush
Monkey Bread #1
Glueberry OG
Cluster Bomb
NightFire OG
Longbottom Leaf
Fucking Incredible
Easy Bud
Church OG
Blackberry Haze
American Dream
Qush
Dr. Feelgood
Lemon Ice
Sour Amnesia
Double Barrel OG
Locktite
Earthquake
Cherry Cream Pie
Mint Chocolate Chip
Sour Jilly
Kaboom
Katsu Bubba Kush
Crème Brulee
Quantum Kush
Extreme OG
Bay Dream
Dark Side of the Moon
Gelatti
Lemon Sorbet 3
Gelato #45
Silver Haze
White Girl
Martian Candy
Kush Cake
RockStar
Shock Tart
GMO
Magic Melon
Pamelina
Pink Starburst
Papaya Punch
Platinum Sour Diesel
Purple Star
Ghost Rider OG
Fatso OG
Gorilla Girl
Blueberry Cookies
Incredible Bulk
Stinky Pete
Baker's Delight
Blowfish
Frisian Dew
Black Betty
Shangri-La
Purple Rhino
Professor Chaos
More Cowbell
Dutch Hawaiian
Northernberry
Purple Cream
King Cake
Slymer
Glass Apple
Burkle
Ingrid
Moose And Lobsta
Aloha
Blissful Wizard
Dosi Face
Six Shooter
Crunch Berry Kush
Patti Cake
Voodoo
Dogwalker OG
Purple OG Kush
Sunshine
Jenny Kush
Jamaican Pearl
Pineapple Fields
Galactic Glue
Animal Blues
Albert Walker
Sapphire Scout
Pineapple Punch
Strawnana
Sweet Dream
Tangie Dream
Black Cherry Punch
Tokyo OG
Tropical Cookies
Strawberry Blue
Gushers
Georgia Pie
Mother of Berries
Gas
Mandarin Sunset
Sour Berry
Garlic Breath
Mystery Jazz
Race Fuel OG
Dragon's Breath
Eran Almog
Tahoe Purps
Citral Glue
Hawaiian Duckfoot
Chocolate Mint OG
Duct Tape
Face on Fire
Giesel
Gruntz
LA Cheese
Lemon
Lemon Cheesecake
Lemon Tangie
Miss USA
Member Berry
Lambs in Space
Dank Commander
Carmalicious
Rainmaker
Rollex OG Kush
Sour Blueberry
Sour Space Candy
Chocolate Chunk
Sweet Cheese
Blue OG
Cracker Jack
Damn Sour
Mother’s Milk
Dolato
Swamp Thing
Tangerine Haze
Mace Windu
Mercury OG
Montana Silvertip
Lemon Marmalade
Fire Alien Strawberry
Dutch Kush
Pineapple Trainwreck
Zelly's Gift
Fifth Element
Strawberry Glue
Cosmic Glue
Heatwave
Magnum
Rogue Thunder
Hitman OG
Lemon Kush Headband
Blueberry Gushers
Safety Meeting
Pineapple OG
Rise 'n' Shine
Dirty Taxi
Golden Strawberry
J1
Sour Alien
Strawberry Bliss
Pakistani Chitral Kush (PCK)
Tangie Cookies
Space Cake
Marathon OG
Royal Cheese
Dread Bread
Mango Sapphire
Watermelon Zkittlez
Willie Nelson
White Cherry Gelato
Pura Vida
Strawberry Shortcake
The Bling
Tropicana Cookies
Sour Headband
Green Cheese
Gorilla Grips
Green Mango
Hades OG
Harley Twin
Viper
Government Mule
Honey Lemon Cheese
OGiesel
Clockwork Orange
Sour Bubble
Purple Nepal
Blizzard Bush
Anunnaki
Carmel Cough
Humboldt Sour Diesel
Harmonia
Jack Burton
Jack's Dragon Girl #7
Kushadelic
Chocolate Meringue
Chemmy Jones
Boss OG
Cannadential
Caramel Candy Kush
CBD Critical Cure
Cheeseburger
Chem Scout
Rocky Dennis
Banana Bread
Early Skunk
Rose Bud
WSU
Chemwreck
Chupacabra
Russian Doll
Jungle Cake
Cheetah Piss
A-Train
Santa Sativa
Cuvee
Dank Schrader
Dawg's Waltz
Flaming Cookies
Frosted Freak
Funfetti
Funky Monkey
Goldberry
Grape OX
Hawaiian Fire
Hawaiian Purple Kush
Haze Wreck
Zerbert
Heisenberg Kush
Purple Raine
Hell Raiser OG
Divorce Cake
Martian Mean Green
Highwayman
Hurkle
Biohazard
East Coast Alien
Madness
Zeitgeist
Mojito
Satsuma
Deep Purple
North Indian
Ken's Kush
Kerala Krush
Karma Bitch
Katsu Kush
X Files
Killer Grape
Kobain Kush
Kraken
Stardawg Guava
Blue Puff
Bubble Bomb
Serious Happiness
Shining Silver Haze
The Wife
Strawberry Satori
Tahoe Hydro OG
The Grunk
El Perro
Thelonious Skunk
Keystone Kush
Grapefruit Haze
TJ's CBD
ICED Grapefruit
Purple Animal Cookies
Black Raspberry
Blue Fire
Fruity Widow
Burning Desire
Cadillac Cookies
Cali Dragon
KT Dawg
Candy Apple
Chardonnay
Caramel Cake
Cheese Dawg
Chem Berry Diesel
Skunk+
Sky Lotus
Sky Master
Cherry Fuel
Slice of Heaven
Sidetracked
Super Chronic
Concord Cream
Comfortably Dumb
Cherry Moon Pie
Snow Goddess
Mandala #1
Cookies and Cream Cheese
Cookies Haze
Lennon
Silver Calyx
Cougar Milk
Pine Cone
Popcorn Kush
Red Diesel
Raskal OG
Wonka's Bubblicious
Coyote Art
Critical Purple Kush
Critical Soma
Sour Chunk
Coconut Oil
Sorcerer's Apprentice
Sonic Screwdriver
Russian Assassin
Sensi Skunk
LA Kookies
Magic Beans OG
Lemonhead OG
Magellan
Phone Home
Flowerbomb Kush
Desert Star
Shark Attack
Doctor Doctor
The Wills
Seattle Summer
XXX 420
Sour Breath
Northern Skunk
Haze Heaven
Opium
Thai Lights
Sour Star Head
Space Bomb
Nukeheads
OCA Gold
OG 1 Kenobi
OG Glue Sniffer
Sugar Pine
Bio Diesel
Aliens on Moonshine
Star Pupil
La Nina
Purple Headband
Northern Cross
Strawberry Blondie
Kaua'i Electric
Big Tooth
Thunderbird Rose
Strawberry Alien Kush
Straight A's Haze
Starman
Urkle Train Haze
Strawberry Snow Cone
Supergirl
Bacio Gelato
OG Sour Diesel
Orange Kush Breath
Sweet Baby Jane
Sweet Amnesia Haze
Smooth Operator
Hawaiian Cookies
Caviar Gold
Best Friend OG
Strawberry Frost
Orient Express
Suicide Girl
Cake Batter
Blackberry Trainwreck
Satori
Puna Budder
Dutch Queen
Golden Soda
Oil Spill
Kill Bill
Penelope
Sunset
Super Silver Lights
The Real McCoy
Sexxpot
Exile
Sumo's OG Kush
Summer Breeze
Sweet Pure CBD
Sweet Harlem Diesel
Diamond Socks
Honey Buns
Blue Boy
Sweet Jesus
Sun Ra
Snowball
Destroyer
Tardis
Money Pug
Sour Willie
Emperor Cookie Dough
Super G
Zeta Sage
Gorilla Zkittlez
Super Sour Lemon
Astral Works
Strawberry Blonde
Heavy Duty Fruity
Spyder Mon
The Vision
Captain Jack
Green Gelato
Sour Spyder
Cherry Kiss
Tar Monster
Grapefruit Diesel
Thai Fantasy
The Big Dirty
The Boss
The Gift
The Lime
The Loops
Tina
Tonics Web
Berry Sanders
Trap Star
Treasure Island
Head Trip
KC 36
Tropic Thunder
True Face
True X
Truffle Butter
Ultra Banana
Vietnamese Bubba
Violeta
Wembley
Sweet and Sour Widow
White Bastard
Tangerine Sunrise
White Bubblegum
Cheesewreck
White Caramel Cookie
White Coco
White Domina
Bubblegum Rainbow Kush
Blackberry Bubble
The Fork
Throwback Kush
Kushberry
Qrazy Train
WMD
Wonder Kid
Wookie
Sinai
WTF
Yoda's Brain
Zelda
Mai Tai Cookies
Sour Cheese
Sugar Shack
Tahoe Hydro Champagne
Nuclear Cookies
Pineapple Purps
Headstash
White Ryder
Gelonade
Guava Chem
Fat Banana
Golden Tiger
Hempstar
Madman OG
Doug's Varin
Orange Hill Special
Opal OG Kush
Purple Chemdawg
Romulan Grapefruit
Shiva Skunk
Pineapple
Sour Urkle
Cheesy Dick
VCDC
White Romulan
3D CBD
501st OG
AK-48
Skunk Dawg
Atomical Haze
Avidekel
Sunset Haze
Pokie
Brooklyn Mango
Bubble Cheese
Buddha Tahoe
Amnesia Lemon
Snow Mountain
Predator Pink
Purple Sage
Sticky Buns
Blackberry Chem OG
Blackberry Rhino
Blue Dynamite
Bloo's Kloos
Blue Afghani
Blueberry AK
Blueberry Essence
Blueberry Lambsbread
Sour Flower
Booger
Brainstorm Haze
Blueberry Pancakes
Confidential Cheese
Gorilla OG
Pink Sunset
Pestilence
Bugatti OG
Crater Lake
Pink Mango
Silver Cindy
Snow Leopard
Panama Punch
Snowcap
P-51
840
Double Tap
Swiss Sativa
Paris XXX
Blue Moonshine
Cherry Thunder Fuck
Brain Candy
Jenni
California Limes
Grand Poobah
Bubba Fresh
Shark Bite
Harmony
Supernova
Rebel Berry OG
Lemon Bananas
White Walker Kush
Cindy White
Green Monster
Strawberry OG
Buddha Haze
Hollywood OG
Sour Dream
Nepalese Dragon
Timewreck
Fallen Angel
Pluto Kush
Velvet Bud
Double Diesel
Black Bubba
Red Widow
Rock Bud
Apricot Jelly
Blackberry Snow Cone
Black Lotus
Loud Dream
Pink Death Star
Alice In Wonderland
Shooting Star
Old Mother Sativa
Belladonna
African
OG Diesel Kush
Dream Star
Lemon Pepper
Black Magic
GDP Electric
Deep Breath
Grandma's Batch
Blue Wolf
Blush
White Siberian
Lost Sierra Night Nurse
Cobbler
Black D.O.G.
Project Blue Book
Julius Caesar
White Lavender
Golden Panda
Cali Jack
Sour Power
Berry Larry
Burnt Cookies
Barbara Bud
Future
Buddha's Tooth
Bazooka Joe
Higher Power
Carpet Tape
California Love OG
Chuck OG
Purple Sour Diesel
Orange Skunk
Purple Arrow
Gold King's Thai
Brazil Amazonia
CBD Shark
Black Haze
LA Chocolat
Bedford Glue
Blackberry Dream
Mad Dawg
Golden State Banana
Delahaze
Old School OG
Powderhound
Cole Train
Electric Lemonade
Cit·Rix
Casper OG
OG Poison
Doctor Jamaica
One To One
First 48
Slimer OG
Romulan Haze
Red Dwarf
Scroopy Noopers
Double Mint
Medical 49
Afwreck
Princess's Tiara
Sequoia Strawberry
Purple Paralysis
Slazerbeam
Champagne Diesel
Chem Beyond Diesel CBD
Congo
Mr Tusk
Mother Tongue
PVC OG
City of God
Gemstone
Dutch Haze
Dr. Quantum
Mission Kush
Waldo
Red Velvet Pie
Rocky Mountain High
Purple Pinecone
Robert Plant
River Song
Lightstorm
Humboldt
Frosty
Red Eye OG
Jacky White
Sugar Punch
Starbud
G Force
Tangerine Power
8 Ball Kush
Blue Ox
Blackberry Fire
Big Bomb
Satellite OG
Oregon Pineapple
Superman OG
Ginger Punch
Misty Morning
Golden Gage
Electric Black Mamba
Goat Head
Gilz Nilz
Chloe
Purple Dog Shit
Krystalica
Critical Cheese
Mother's Finest
Rebel God Smoke
The Third Dimension
Eagle Bill
Nexus OG
Easy Peezy
Ridge Berry
X Wing
Alien Breath
Argyle
NY Cheese
Godzilla Glue
Dinachem
Dakini Kush
Critical Plus 2.0
American Beauty
Purple Bubba
Purple Ice
Purple Bush
Phantom Cookies
Snow Ryder
AK-49
South Central LA
Grilled Cheese
Purple AK-47
Fat Purple
Jamba Juice
South Asian Sativa
Tundra
Snow Diesel
Sour LSD
Sour Ape
South Asian
Sunlight Skunk
Chem Valley Kush
Special Kush #1
Sumo Grande
Purple Cotton Candy
Superstar
Purple Buddha
Turbo Mind Warp
Snow Bud
Biddy Early
Secret Garden OG
Silver Train
South Indian
Faded Glory
King Henry VIII
Sierra Mist
South American
Shipwreck
Skins Skunk
Purple Cow
Snow Monster
Poison Haze
Sour Poison
Alien Cookies
Q3
Terminator OG
The Sister
Purple Maui
Chem's Sister
Russian Rocket Fuel
Summertime Squeeze
Purple Dragon
Connie Chung
Four Cups
Sunshine #4
Four Star General
Organic Diesel
Neil Haze
3 Bears OG
1024
Tina Danza
Ultimate Trainwreck
X Tra Chz
California Dream
X-Kush #1
Fighting Buddha
Euphoria Cookies
Silver Nina
Sin City Kush
Sin Valley OG
Royal Haze
Seattle Cough
Romping Goddess
Green Python
Purple Frost
Top 44
Lime Purple Mist
Lady Liberty
Root Beer Kush
MILF
Road Dawg
The Void
iPot
Logic Diesel
Pagoda
Pure Love
Jack Widow
Industrial Plant
Negra 44
Jack Kush
Majestic 12
Manitoba Poison
Maui Berry
Pomelo Cookies
Maui Bubble Gift
Kelly Hill Gold
Mau-Mau
LA Jack
LA Ultra
Lethal Purple
Travel Joint
Loyalty
Lemon Daddy
KC 33
Hobbit
Kali 47
J-27
Blue Kiss
White Moonshine
Jazz
North American
Limon
818 OG
Double D
LA Sunshine
Jane Doe
Herringbone
Boaty McBoatface
Magic Jordan
Blue Zombie
GI001
Donna OG
Eastern European
Good Medicine
Georgia Pine
Kid N Kookies
Yogi Diesel
Donegal
Big Holy Nina
StarRyder
Gravity
Chocolope Kush
Green Haze
Isla OG
Ghost Ship
Fire Alien Kush
Dream Beaver
Pineapple Super Silver Haze
Ancient Kush
Xanadu
Buckeye Purple
Bubba Berry
Pacific Blue
Frida
Blue Bastard
Titanium
Dreadlock
Fat Nelson
God's Treat
Grand Hustle
Blue Galaxy
Glad Max
Cotton Purple Chem
Blue Mountain Fire
Disney Blue
California Sour
Critical Skunk
Cherry Grapefruit
DJ Smoke
Eugene Cream
Brainwreck
Cherry Sherbet
BOG Bubble
Mazar Kush
Kahuna
Denver Maple
Copper Kush
Durban Cheese
Chem Crush
Chong Star
Sweet Jane
Sweet Lafayette
Ape Shit
Biker Kush
Critical Widow
Ebola #7
Sweet Nina
Blood Orange Kush
Rafael
Bogart
Buffalo Bill
Avi
Fat Albert
Star Tonic
Black Dahlia
BSC
El-Na
Blue Treat
Diesel Duff
Wally OG
Domino
BIgfoot Glue
Dr. Funk
Dream Police
303 OG
Bloodhound
Space Dawg
Maqui
13 Dawgs
Allkush
Venice OG
Blue Persuasion
LAPD
Whiteout
Twista
Arctic Sun
Keester Kush
Legalized OG
Deadwood
Guice
Super Sweet
White Walrus
Sleestack
Blucifer
White Smurf
Avalon
Star 47
Poochie Love
Sputnik
Thor's Hammer
Verde Electric
Platinum Wreck
Cyclops
Space Monster
Purple Afghani
B4
Afghan Cow
Jack Skellington
Super Sour Widow
Thai Girl
Strawberry Mango Haze
Khufu
Elderberry
Tree of Life
Valentine X
Stella Blue
The Ox
Aloha Berry
Sweet Deep Grapefruit
White Empress
White Fire Alien OG
Irish Kush
California Grapefruit
Omega Dawg
Capers
Raspberry Cookies
Stevie Wonder
C3
Frank's Gift
Secret Recipe
Thai Haze
The Ooze
Sweet Pebbles
Ice Princess
Cocoa Kush
C13 Haze
Blue Bayou
Blackberry Diesel
Brand X
Cobra Lips
Citral Skunk
Banana Peel
Atmosphere
Beast Mode OG
Brains Damage
Anesthesia
Fraggle Rock
Blue Wonder
Lions Gate
Bettie Page
Tiger Woods
Blue Velvet
Bob Barker
Randy Savage
BC Sweet Tooth
Happy Nightmare
Americano
Big White
Swiss Bliss
Acid
Kriss Kross
Blue Blood
Crypt
Venus OG
Tommy’s Home Grown
Odyssey
Alpha Express
Alpine Star
Spirit of 76
American Kush
Ash
Zen
Bandana
Astroboy
Ortega
Trash
The One
Tesla
Alien Inferno
Berry Noir
Batgirl
Zoom Pie
Nova
Amethyst
Sour Maui
Berkley
Skunk 47
White Haze
Early Girl
Haole
Lifesaver
Blueberry Haze
West OG
White Zombie
The Blood
Trident
Atomic Goat
Sweet Diesel
Truth Serum
Big Sky OG
The Sheriff
Blaze
Alien Reunion
Afghan Skunk
Blockhead
White Fire 43
Aberdeen
Supernatural
Alpha Cow
Big Sur Holy Bud
Black Cherry Cheesecake
Hong Kong
Royal Dutch
Mega Jackpot
Triple Diesel
Wonder Haze
Sublime
Swiss Gold
Crown OG
Green Goddess
The Doctor
Sour Haze
Whitaker Blues
Blue Power
Cannasutra
Blue Jay Way
Twilight
Mad Scientist
Kona Gold
Space Needle
Bay 11
Atomic Northern Lights
Narnia
3x Crazy
Lemon Drop
Snow Lotus
Candy Cane
Locomotion
Blue Thai
Haze Berry
Emerald Jack
Chem Willie
Purple People Eater
Mexican
Shark's Breath
Blackberry Pie
Mt Rainier
Deep Sleep
Neptune OG
Blueberry Yum Yum
Big Wreck
Dutch Berry
Shoreline
Maui
Morning Star
Mt Cook
Mammoth
Willy Wonka
Hog
Cherry Skunk
Appalachia
LA Woman
Sugar Plum
Blue Sky
Earth OG
Blue Frost
Killing Fields
Green Lantern
Godzilla
Dairy Queen
Mountain Girl
Silver Surfer
Transformer
Bubbleberry
Euforia
Pitbull
Cherries Jubilee
Grape Royale
Blurple
Harambe's Ghost
Lost Coast OG
Purple Jems
Placenta
Sour Moonrocks
Rainbow Kush
Chemdawg Sour Diesel
Raw Diesel
Fruit Loops
New Glue
Critical Plus
B. Lee
Big Skunk Korean
Hawaiian Skunk
Flying Dragon
Medicine Woman
Hurricane
Early Pearl
Nightmare Cookies
Rx
White Diamond
A-10
Triple OG
Mike Larry
Blue Dragon
Purple Linda
Betty Boo
Blue Champagne
Glass Slipper
Appleberry
Blue Goblin
AJ Sour Diesel
Master Jedi
Lowryder
Apollo Haze
Cannalope Haze
Purple Tide
Captain Kush
Y Griega
BC Roadkill
Chem de la Chem
Sand Storm
Banana Candy
Kuchi
Kurple Fantasy
Trojan
Flash Back
Lazy Train
Northwest Pineapple
OG Los Angeles Kush
Lemon Pound Cake
Lavender Kush
Little Angel
Dark Blue Dream
Blueberry Afgoo
White Dwarf
Dynamite
Yumboldt
Pine Queen Dream
Michigan Skunk
Blue Kush
Qleaner
Wreckage
Think Different
Taiga
Purple Barney
King's Bread
Death By Cake OG
Rubicon
Blueberry Gum
Venomberry
Vaniluna
Liquid Butter
OG Purple Fire Thai
Hawaii 78
Purple Tears
Heaven Scent
Dark Shadow Haze
Crockett's Haze
Swiss
Dark Matter
White Lotus
Arabian Gold
Green Hornet
Double Dutch
Afghan Haze
Starfighter
Diesel Glue
Dirty Old Bastard
Dirty Widow
Ed Rosenthal Super Bud
Grateful Breath
Chocolate Thunder
Alien Apparition
Crosswalker
Kali Dog
Green Magic
White Elephant
Blue Satellite
Blue Train
Sour Cream
Lemon Wreck
Lime Tart
Cookie Jar
Honduras
GTO
Karma OG
Inzane in the Membrane
Grape Drink
Serious 6
Pink Pez
Jamaican Lion
Hades Haze
Rene
Jimi Hendrix
Light Saber
Crown Royale
Hawaiian Delight
Holy Ghost
Colorado Chem
Grape Cookies
Hawaiian Mayan Gold
Hammershark
Harley Storm
Juicy Jack
Sugar Breath
Deep Cheese
Horace
Ray Charles
K-Train
Honey Rock
Cherry Durban Poison
Sugar Mama
White Cheese
Rainbow Jones
Pirate Radio
Blackberry Cream
Ether
G.O.A.T.
Lost Coast Ghost
Mean Misty
Mango Habanero
Seattle Blue
Lucifer OG
Viper City OG
Birds Eye
Enigma
Black Velvet
Bermuda Punch
Chocolate Tonic
Double OG
Jack Haze
'88 G13 Hashplant
Hippie Chicken
The Sauce
Cabbage Patch
Harry Potter
Azure Haze
Purple Snow
Rug Burn OG
Dream Berry
Light of Jah
Dreamer's Glass
Panda OG
Chronic Thunder
Dream Machine
Blue Hash
Secret Weapon
Red Rhino
Orange Velvet
Black Banana Cookies
Cookies and Dream
Stardust
Sapphire Star
Shaman
Walker Kush
Alpha OG
Batman OG
Glue Tech
Glookies
Urban Poison
Jack Diesel
Space Candy
Mickey Kush
Blues
Titan OG
Electric Lemon G
Butterscotch
Nepalese
Purple Mr. Nice
Alien Abduction
Super Bud
Orange Turbo
Super Sour Skunk
Rainbow Chip
Santa Maria
Don Carlos
Silver Pearl
Cambodian
Blue Wreck
Strawberry Guava
Lime Green Skunk
Master Bubba
White Skunk
The Truth
Strawberry Milkshake
The Flav
Collins Ave
A-Dub
Very Berry Haze
Grandpa Larry OG
Lemon Fire
Purple Goo
Master Yoda
Blue Runtz
Pink Berry
Cactus
Super Cheese
Blueberry Dream
Ancient OG
10th Planet
Chocolate Lava
Burmese Kush
Orange Diesel
OCD
Oregon Pinot Noir
Nice Cherry
South Indian Indica
Alchemy
Royal Chemdawg
Medibud
Grand Hindu
Critical Hog
Cherry Pie Kush
Afternoon Delight
Cherry Lemonade
Schrom
SinMint Cookies
Rockstar Master Kush
Pineapple Dog Shit
Mt Hood Magic
Rocky Mountain Blueberry
Ogre Berry
Magnum PI
Candy OG
Hawaiian Diesel
OG LA Affie
Monkey Thunder
Critical Kali Mist
Rocklock
Fruit Spirit
Moon Cookies
Maui Mango Diesel
MediHaze
Misty Kush
Nebula II CBD
Orange Wreck
Strawberry Dream
Green Crack Extreme
Go Time
McLovin
Super Cat Piss
8 Miles High
Orange Durban
Lemon OG Haze
Ultra Sonja
Southern Lights
Lemon Alien Dawg
Orange Snow Cone
Pan Jam
Peachy Mack
Silver Back
Lemon Tree
Ocean View
High School Sweetheart
Kush Cleaner
OG Wreck
Ripped Bubba
Humble Pie
Flavor Crystals
OG's Pearl
Palm Tree CBD
Perfect Purple
Sweet Tea
Aurora Borealis
Black 84
Phantom Arrow
Dream Girl
Clusterfunk
Princess
Brandywine
Crazy Miss Hyde
White Slipper
Waferz
Island Haze
Sweet Dreams
Special K
2 Scoops
CBD OG
Afghan Diesel
Cherry Fire
Chem Jack
Quick One
Jack Smack
Lambo OG
Agape
CBD Rich Blessing
Confidential Cookies
Acai Berry Gelato
Karamelo
Soul Assassin OG
Pure Afghan
Royal Dwarf
Mandarin Temple
Mighty Glue
Chocolate Rain
Richie Rich
Sourlope
SleeSkunk
Thai Tanic
Blueberry Cough
Skunky Diesel
Club 69
Cherry Vanilla Cookies
Chocolate Drop
Chocolate Skunk
Skywalker Alien
Chocolate Glue
Cherry Sauce
Jah Goo
Joliet Jake
Jawa Pie
Mountain Thunder
Mud Bite
Pinot Green
Guava Cake
Tangerine Man
Kubbie Kush
Purple Martian Kush
Morning Glory
Sticky Icky
Inferno Haze
Motavation
Cronuts
Moonbeam
Sweet Berry
Purple Goat
Toxic Punch
Cream Saverz
Birthday Cake
Confidential Wreck
Mother of All Cherries
Sugar Klingon
ArcticBlue
Bubblegum Cookies
Oriental Express
Happy Rancher
Harlequin GDP
Purple Hashplant
Lemon Zest
Dance World
Pineapple Sage
Mystery 98
Chocolate Sap
Pink Picasso
Pink Hawaiian
Limoncello
Cosmic Cookies
Purple Alien
Lemon OZ
60 Day Wonder
Tally Mon
Pakistan Valley Kush
Pinkman Goo
Platinum Huckleberry Cookies
Punxsy Punch
SFV Dog
Banana Hammock
Oh! Zone
Layer Cake
Orange Haze
Diesel Dawg
Triple G
Afghanica
Cherry Punch
Mango Brulee
OZ Kush
Saturn OG
Orange Peel
Maui Haze
Jah Kush
Tasty Waves
Han Solo Burger
Legend of Nigeria
Candy Rain
Kronocaine
Temple Kush
Black Runtz
Banana Pudding
Black Diesel
Mama Mia
Tranquil Elephantizer Remix
OGKZ
Super A5
Blue Glue
Cream Soda
Moolah
Tropicana Jet Fuel
Papaya Cake
Orange Sunshine
Lemon Grenade
Strawberry Nightmare
Kush Sorbet
Jetlato
Cookie Puss
Swiss Tsunami
Gelato 31
Banana Diesel
Fruity Chronic Juice
Forum Cut Cookies
White Ice
Chewbacca
Fruitylicious
Whip It
North American Sativa
Watermelon Runtz
Shape Shifter
Glueball
Blue Maui
Citrus Kush
Flo Walker
Hashbar OG
Boax
M-39
Malibu OG
Wildberry
Hi-Octane
Purple Mango
Witches Weed
Royal Cookies
Central American
Pootie Tang
Mojo
Super Sour OG
Purple Swish
Big City Lights
Cherry Cookies
Purple Guava
Blue Sugar Cookies
Bob Saget
The REM
Asteroid OG
Bubonic Chronic
Yolo Berry
Frozen Grapes
Night Terror OG
Dosalito
King Cookies
Dank Sinatra
Nf1
Joker's Grin
Lucinda Williams
Facewreck
Item 9
Bloody Skunk
Cherry Garcia
Don Mega
Ethos Apex
Tiramisu
Dopium
Double Tangie Banana
Durban Berry
Orange Daquiri
Durban Diesel
Durban Cookies
El Chapo OG
Point Break
Brightberry Cookies
Grimace
Guard Dawg
Gutbuster
Gumbo
Guptilla
Blue Monkey
Haleigh's Hope
Haoma
Harle-Tsu
Hashplant Haze
Hustler Kush
Double Grape
Iced Widow
Illuminati OG
Jack Wreck
Jackalope
Jacked Up
Sugar Cone
Jasmine
JR
Jupiter OG
Sour Cherry Sherbert
Tangie Ghost Train
Trueberry
Velvet Purps
Wabanaki
Wookies
Crockett's Sour Tangie
Crumbled Lime
Cypress OG
Desert Diesel
Designer OG
Devil
Diesel Dough
Dirt Nap
Doc Holliday
Maui Apple Diesel
Don's Ghost
Dr.Greenthumb's Em-Dog
Dragon Fruit
Kosher Dawg
Durian
Elektra
Exodus Kush
Turtle Pie
Fall '97
Bubba Thunder Kush
Frosted Cherry Cookies
Frozen Tangerines
Kosher Tangie Kush
Apex
GlueChee
Gorilla Blue
Gorilla Breath
Gorilla Grapes
Granola Funk
Grape God Bud
MAC
Eleven Roses
Huckleberry Diesel
Jackpot
Atomic Apple
Horchata
Spec Ops
Lifter
Loopy Fruit
Love Boat
Love Triangle
Mag 91
Magnificent Mile
Magnum Opus
Beast Mode 2.0
Lemongrass
Himalayan Gold
Mandarin Dreams
Mandarin Jack
Lemon Brulee
Moon Drops
Kerala
Kreamy Karamel
Kush-N-Cheese
LA Cake
Morning Flight
Mountain Temple
Neroli 91
Newberry
Nightmare OG
NorCal Purps
Ocean Grown Cookies
OG Lime Killer
Ol'Betsy
Orange Fanta
Orange Harambe
Oregon Lemons
Ozma
Pacific Frost
Paradise Waits
PB Soufflé
Dark Plasma
Pie Hoe
Plum Dawg Millionaire
Powernap
Puck Yeah
Inner Chi
Grape Crinkle
White Gummy
Purple Glue
Purple Killer
Purple Moby Dick
Green Spirit
Kitchen Sink
Purple Pie
Purple Unicorn
Quad Dawg
Raspberry Diesel
Raspberry Tart
Royal Salute
Ruby Rose
Russian Roulette
Merlot OG
Sour Stomper
Samoa Kush
Serious Kush
Shaman's Dream
Shark Widow
Short and Sweet
Silver Cheese
Silver Mountain
Sorbet Dreams
Sour Kosher
Sour Lemons
Indigo
Sour Strawberry
Peanut Butter Crunch
Space Poison
Pineapple Runtz
Sour Lifesaver
Mango Puff
Smoothie
Sour Lemon OG
Sorbetto
Scarface OG
Afghan Express
Banana MAC
Jock Horror
Purple Pineapple Express
Abracadabra
Grape Puff
Scoops
Underdog OG
El Chapo
Thunder Cookies
BTY OG
Grapefruit Sour Dream
Jack Plant
Honey Badger Haze
Blue Suede Shoes
Colin OG
Quattro Kush
Palpatine
Lilac Cookies
Golden Gate Kush
After Burner
Training Day
Natural Born Killer
Sour Dubb
Modified Banana
Watermelon Zum Zum
Sweeties
Purple Mayhem
Alpha Dawg
Bubble Kush
Crackleberry
Cookie Punch
Clifford
Pine Sol
CB Diesel
Ewok
Trinidad OG
Mendo Montage
Killa Kush
KGB
Glucifer
White Lemon
Golden Haze
Arjan's Haze
Purple Poison
Betty Hayes
Panchamama
Powder Keg
Tangieland
Snowman OG
Sour Pineapple
Shrieker
Front Boss
Dr. Shakalu
Cake Frosting
Arise
Grenadine
Christmas Tree
Helen Back
Long Peak Blue
Orange Ghost
Lime Kush
Truth Band
Very Berry Kush
Spray Tan
Sour Crack
Pink Tuna
Pop Tarts
Ripley's OG
Wedding Gelato
Tropical Kush
413
Power Africa
Special Occasion
Purple Sunset
Obama Runtz
Pumpkin Kush
Biscotti Gushers
Runtz OG
Blue Tara
Sour Blue Glue
Bazookies
Glue Cookies
Pink Runtz
Blueberry Bubblegum
Boonana
Strawpicanna
Cinderella OG
Bubba Jones
Raspberry Cheesecake
Christmas Cookies
Candy Glue
Apple Sherbet
Captain Crunch
Garlotti
Lemon Cherry Gelato
Pink Rozay
Pink Gorilla
Princess Haze
Gorilla Cake
Dragon's Fire
Hawaiian Runtz
3 Kings
Cement Shoes
